AAA,aaa
AAB,aab
AAC,aac
AAD,aad
AAE,aae
AAF,aaf
AAG,aag
AAH,aah
AAI,aai
AAK,aak
AAL,aal
AAN,aan
AAO,aao
AAP,aap
AAQ,aaq
AAR,aar
AAS,aas
ALB,alb
SQI,sqi
AAT,aat
AAU,aau
AAW,aaw
AAX,aax
GER,ger
AAZ,aaz
ABA,aba
ABB,abb
ABC,abc
ABD,abd
ABE,abe
ABF,abf
ABG,abg
ABH,abh
ABI,abi
ABJ,abj
ABK,abk
ABL,abl
ABM,abm
ABN,abn
ABO,abo
ABP,abp
ABQ,abq
ABR,abr
ABS,abs
ABT,abt
ABU,abu
ABV,abv
ABW,abw
ABX,abx
ABY,aby
ABZ,abz
ACA,aca
ACB,acb
ACD,acd
ACE,ace
ACF,acf
ACH,ach
ACI,aci
ACK,ack
ACL,acl
ACM,acm
ACN,acn
ACP,acp
ACQ,acq
ACR,acr
ACS,acs
ACT,act
ACU,acu
ACV,acv
ACW,acw
ACX,acx
ACY,acy
ACZ,acz
ADA,ada
ADB,adb
ADD,add
ADE,ade
ADF,adf
ADG,adg
ADH,adh
ADI,adi
ADJ,adj
ADL,adl
ADN,adn
ADO,ado
ADQ,adq
ADR,adr
ADS,ads
ADT,adt
ADU,adu
ADW,adw
ADX,adx
ADY,ady
ADZ,adz
AEA,aea
AEB,aeb
AEC,aec
AED,aed
AEE,aee
AEK,aek
AEL,ael
AEM,aem
AEN,aen
AEQ,aeq
AER,aer
AES,aes
AEU,aeu
AEW,aew
AEY,aey
AEZ,aez
AFB,afb
AFD,afd
AFE,afe
AFG,afg
AFI,afi
AFK,afk
AFN,afn
AFO,afo
AFP,afp
AFR,afr
AFS,afs
AFT,aft
AFU,afu
AFZ,afz
AGA,aga
AGB,agb
AGC,agc
AGD,agd
AGE,age
AGF,agf
AGG,agg
AGH,agh
AGI,agi
AGJ,agj
AGK,agk
AGL,agl
AGM,agm
AGN,agn
AGO,ago
AGQ,agq
AGR,agr
AGS,ags
AGT,agt
AGU,agu
AGV,agv
AGW,agw
AGX,agx
AGY,agy
AGZ,agz
AHA,aha
AHB,ahb
AHG,ahg
AHH,ahh
AHI,ahi
AHK,ahk
AHL,ahl
AHM,ahm
AHN,ahn
AHO,aho
AHP,ahp
AHR,ahr
AHS,ahs
AHT,aht
AIA,aia
AIB,aib
AIC,aic
AID,aid
AIE,aie
AIF,aif
AIG,aig
AIH,aih
AII,aii
AIJ,aij
AIK,aik
AIL,ail
AIM,aim
AIN,ain
AIO,aio
AIP,aip
AIQ,aiq
AIR,air
AIT,ait
AIW,aiw
AIX,aix
AIY,aiy
AJA,aja
AJG,ajg
AJI,aji
AJN,ajn
AJS,ajs
AJU,aju
AJW,ajw
AJZ,ajz
AKA,aka
AKB,akb
AKC,akc
AKD,akd
AKE,ake
AKF,akf
AKG,akg
AKH,akh
AKI,aki
AKJ,akj
AKL,akl
AKM,akm
AKO,ako
AKP,akp
AKQ,akq
AKR,akr
AKS,aks
AKT,akt
AKU,aku
AKV,akv
AKW,akw
AKX,akx
AKY,aky
AKZ,akz
ALA,ala
ALC,alc
ALD,ald
ALE,ale
ALF,alf
ALH,alh
ALI,ali
ALJ,alj
ALK,alk
ALL,all
ALM,alm
ALN,aln
ALO,alo
ALP,alp
ALQ,alq
ALR,alr
ALS,als
ALT,alt
ALU,alu
ALW,alw
ALX,alx
ALY,aly
ALZ,alz
AMA,ama
AMB,amb
AMC,amc
AME,ame
AMF,amf
AMG,amg
AMH,amh
AMI,ami
AMJ,amj
AMK,amk
AML,aml
AMM,amm
AMN,amn
AMO,amo
AMP,amp
AMQ,amq
AMR,amr
AMS,ams
AMT,amt
AMU,amu
AMV,amv
AMW,amw
AMX,amx
AMY,amy
AMZ,amz
ANA,ana
ANB,anb
ANC,anc
AND,and
ANE,ane
ANF,anf
ANH,anh
ANI,ani
ANJ,anj
ANK,ank
ANL,anl
ANM,anm
ANN,ann
ANO,ano
ANP,anp
ANQ,anq
ANR,anr
ANS,ans
ANT,ant
ANU,anu
ANV,anv
ANW,anw
ANX,anx
ANY,any
ANZ,anz
AOA,aoa
AOB,aob
AOC,aoc
AOD,aod
AOE,aoe
AOF,aof
AOG,aog
AOI,aoi
AOJ,aoj
AOK,aok
AOL,aol
AOM,aom
AON,aon
AOR,aor
AOS,aos
AOT,aot
AOU,aou
AOX,aox
AOZ,aoz
APB,apb
APC,apc
APD,apd
APE,ape
APF,apf
APG,apg
APH,aph
API,api
APJ,apj
APK,apk
APL,apl
APM,apm
APN,apn
APO,apo
APP,app
APQ,apq
APR,apr
APS,aps
APT,apt
APU,apu
APV,apv
APW,apw
APX,apx
APY,apy
APZ,apz
AQC,aqc
AQD,aqd
AQG,aqg
AQK,aqk
AQM,aqm
AQN,aqn
AQP,aqp
AQR,aqr
AQT,aqt
AQZ,aqz
ARB,arb
ARD,ard
ARE,are
ARG,arg
ARH,arh
ARI,ari
ARJ,arj
ARK,ark
ARL,arl
ARN,arn
ARO,aro
ARP,arp
ARQ,arq
ARR,arr
ARS,ars
ARU,aru
ARV,arv
ARW,arw
ARX,arx
ARY,ary
ARZ,arz
ASA,asa
ASB,asb
ASC,asc
ASE,ase
ASF,asf
ASG,asg
ASH,ash
ASI,asi
ASJ,asj
ASK,ask
ASL,asl
ASM,asm
ASN,asn
ASO,aso
ASP,asp
ASQ,asq
ASR,asr
ASS,ass
AST,ast
ASU,asu
ASV,asv
ASW,asw
ASX,asx
ASY,asy
ASZ,asz
ATA,ata
ATB,atb
ATC,atc
ATD,atd
ATE,ate
ATG,atg
ATI,ati
ATJ,atj
ATK,atk
ATL,atl
ATM,atm
ATN,atn
ATO,ato
ATP,atp
ATQ,atq
ATR,atr
ATS,ats
ATT,att
ATU,atu
ATV,atv
ATW,atw
ATX,atx
ATY,aty
ATZ,atz
AUA,aua
AUB,aub
AUC,auc
AUD,aud
AUG,aug
AUH,auh
AUI,aui
AUJ,auj
AUK,auk
AUL,aul
AUM,aum
AUN,aun
AUO,auo
AUP,aup
AUQ,auq
AUR,aur
AUT,aut
AUU,auu
AUW,auw
AUX,aux
AUY,auy
AUZ,auz
AVA,ava
AVB,avb
AVD,avd
AVE,ave
AVI,avi
AVL,avl
AVM,avm
AVN,avn
AVO,avo
AVS,avs
AVT,avt
AVU,avu
AVV,avv
AWA,awa
AWB,awb
AWC,awc
AWE,awe
AWG,awg
AWH,awh
AWI,awi
AWK,awk
AWM,awm
AWN,awn
AWO,awo
AWR,awr
AWS,aws
AWT,awt
AWU,awu
AWV,awv
AWW,aww
AWX,awx
AWY,awy
AXB,axb
AXE,axe
AXG,axg
AXK,axk
AXL,axl
AXX,axx
AYA,aya
AYB,ayb
AYC,ayc
AYD,ayd
AYE,aye
AYG,ayg
AYH,ayh
AYI,ayi
AYK,ayk
AYL,ayl
AYN,ayn
AYO,ayo
AYP,ayp
AYQ,ayq
AYR,ayr
AYS,ays
AYT,ayt
AYU,ayu
AYZ,ayz
AZA,aza
AZB,azb
AZD,azd
AZG,azg
AZJ,azj
AZM,azm
AZN,azn
AZO,azo
AZT,azt
AZZ,azz
BAA,baa
BAB,bab
BAC,bac
BAE,bae
BAF,baf
BAG,bag
BAH,bah
BAJ,baj
BAK,bak
BAM,bam
BAN,ban
BAO,bao
BAP,bap
BAR,bar
BAS,bas
BAU,bau
BAV,bav
BAW,baw
BAX,bax
BAY,bay
BBA,bba
BBB,bbb
BBC,bbc
BBD,bbd
BBE,bbe
BBF,bbf
BBG,bbg
BBH,bbh
BBI,bbi
BBJ,bbj
BBK,bbk
BBL,bbl
BBM,bbm
BBN,bbn
BBO,bbo
BBP,bbp
BBQ,bbq
BBR,bbr
BBS,bbs
BBT,bbt
BBU,bbu
BBV,bbv
BBW,bbw
BBX,bbx
BBY,bby
BCA,bca
BCB,bcb
BCC,bcc
BCD,bcd
BCE,bce
BCF,bcf
BCG,bcg
BCH,bch
BCI,bci
BCJ,bcj
BCK,bck
BCL,bcl
BCM,bcm
BCN,bcn
BCO,bco
BCP,bcp
BCQ,bcq
BCR,bcr
BCS,bcs
BCT,bct
BCU,bcu
BCV,bcv
BCW,bcw
BCY,bcy
BCZ,bcz
BDA,bda
BDB,bdb
BDC,bdc
BDD,bdd
BDE,bde
BDF,bdf
BDG,bdg
BDH,bdh
BDI,bdi
BDJ,bdj
BDK,bdk
BDL,bdl
BDM,bdm
BDN,bdn
BDO,bdo
BDP,bdp
BDQ,bdq
BDR,bdr
BDS,bds
BDT,bdt
BDU,bdu
BDV,bdv
BDW,bdw
BDX,bdx
BDY,bdy
BDZ,bdz
BEA,bea
BEB,beb
BEC,bec
BED,bed
BEE,bee
BEF,bef
BEG,beg
BEH,beh
BEI,bei
BEJ,bej
BEK,bek
BEL,bel
BEM,bem
BEN,ben
BEO,beo
BEP,bep
BEQ,beq
BES,bes
BET,bet
BEU,beu
BEV,bev
BEW,bew
BEX,bex
BEY,bey
BEZ,bez
BFA,bfa
BFB,bfb
BFC,bfc
BFD,bfd
BFE,bfe
BFF,bff
BFG,bfg
BFH,bfh
BFI,bfi
BFJ,bfj
BFK,bfk
BFL,bfl
BFM,bfm
BFN,bfn
BFO,bfo
BFP,bfp
BFQ,bfq
BFR,bfr
BFS,bfs
BFT,bft
BFU,bfu
BFW,bfw
BFX,bfx
BFY,bfy
BFZ,bfz
BGA,bga
BGB,bgb
BGC,bgc
BGD,bgd
BGE,bge
BGF,bgf
BGG,bgg
BGI,bgi
BGJ,bgj
BGK,bgk
BGL,bgl
BGN,bgn
BGO,bgo
BGP,bgp
BGQ,bgq
BGR,bgr
BGS,bgs
BGT,bgt
BGU,bgu
BGV,bgv
BGW,bgw
BGX,bgx
BGY,bgy
BGZ,bgz
BHA,bha
BHB,bhb
BHC,bhc
BHD,bhd
BHE,bhe
BHF,bhf
BHG,bhg
BHH,bhh
BHI,bhi
BHJ,bhj
BHL,bhl
BHM,bhm
BHN,bhn
BHO,bho
BHP,bhp
BHQ,bhq
BHR,bhr
BHS,bhs
BHT,bht
BHU,bhu
BHV,bhv
BHW,bhw
BHX,bhx
BHY,bhy
BHZ,bhz
BIA,bia
BIB,bib
BID,bid
BIE,bie
BIF,bif
BIG,big
BIL,bil
BIM,bim
BIN,bin
BIO,bio
BIP,bip
BIQ,biq
BIR,bir
BIS,bis
BIT,bit
BIU,biu
BIV,biv
BIW,biw
BIX,bix
BIY,biy
BIZ,biz
BJA,bja
BJB,bjb
BJC,bjc
BJE,bje
BJF,bjf
BJG,bjg
BJH,bjh
BJI,bji
BJJ,bjj
BJK,bjk
BJL,bjl
BJM,bjm
BJN,bjn
BJO,bjo
BJP,bjp
BJR,bjr
BJS,bjs
BJT,bjt
BJU,bju
BJV,bjv
BJW,bjw
BJX,bjx
BJY,bjy
BJZ,bjz
BKA,bka
BKC,bkc
BKD,bkd
BKF,bkf
BKG,bkg
BKH,bkh
BKI,bki
BKJ,bkj
BKK,bkk
BKL,bkl
BKM,bkm
BKN,bkn
BKO,bko
BKP,bkp
BKQ,bkq
BKR,bkr
BKS,bks
BKT,bkt
BKU,bku
BKV,bkv
BKW,bkw
BKX,bkx
BKY,bky
BKZ,bkz
BLA,bla
BLB,blb
BLC,blc
BLD,bld
BLE,ble
BLF,blf
BLH,blh
BLI,bli
BLJ,blj
BLK,blk
BLL,bll
BLM,blm
BLN,bln
BLO,blo
BLP,blp
BLQ,blq
BLR,blr
BLS,bls
BLT,blt
BLV,blv
BLW,blw
BLX,blx
BLY,bly
BLZ,blz
BMA,bma
BMB,bmb
BMC,bmc
BMD,bmd
BME,bme
BMF,bmf
BMG,bmg
BMH,bmh
BMI,bmi
BMJ,bmj
BMK,bmk
BML,bml
BMM,bmm
BMN,bmn
BMO,bmo
BMP,bmp
BMQ,bmq
BMR,bmr
BMS,bms
BMT,bmt
BMU,bmu
BMV,bmv
BMW,bmw
BMX,bmx
BMZ,bmz
BNA,bna
BNB,bnb
BND,bnd
BNE,bne
BNF,bnf
BNG,bng
BNI,bni
BNJ,bnj
BNK,bnk
BNL,bnl
BNM,bnm
BNN,bnn
BNO,bno
BNP,bnp
BNQ,bnq
BNR,bnr
BNS,bns
BNU,bnu
BNV,bnv
BNW,bnw
BNX,bnx
BNY,bny
BNZ,bnz
BOA,boa
BOB,bob
BOD,bod
BOE,boe
BOF,bof
BOG,bog
BOH,boh
BOI,boi
BOJ,boj
BOK,bok
BOL,bol
BOM,bom
BON,bon
BOO,boo
BOP,bop
BOQ,boq
BOR,bor
BOS,bos
BOT,bot
BOU,bou
BOV,bov
BOW,bow
BOX,box
BOY,boy
BOZ,boz
BPA,bpa
BPC,bpc
BPD,bpd
BPE,bpe
BPG,bpg
BPH,bph
BPI,bpi
BPJ,bpj
BPK,bpk
BPL,bpl
BPM,bpm
BPN,bpn
BPO,bpo
BPP,bpp
BPQ,bpq
BPR,bpr
BPS,bps
BPT,bpt
BPU,bpu
BPV,bpv
BPW,bpw
BPX,bpx
BPY,bpy
BPZ,bpz
BQA,bqa
BQB,bqb
BQC,bqc
BQD,bqd
BQF,bqf
BQG,bqg
BQH,bqh
BQI,bqi
BQJ,bqj
BQK,bqk
BQL,bql
BQM,bqm
BQN,bqn
BQO,bqo
BQP,bqp
BQQ,bqq
BQR,bqr
BQS,bqs
BQT,bqt
BQU,bqu
BQV,bqv
BQW,bqw
BQX,bqx
BQY,bqy
BQZ,bqz
BRA,bra
BRB,brb
BRC,brc
BRD,brd
BRE,bre
BRF,brf
BRG,brg
BRH,brh
BRI,bri
BRJ,brj
BRK,brk
BRL,brl
BRM,brm
BRN,brn
BRO,bro
BRP,brp
BRQ,brq
BRR,brr
BRS,brs
BRT,brt
BRU,bru
BRV,brv
BRW,brw
BRX,brx
BRY,bry
BRZ,brz
BSA,bsa
BSB,bsb
BSC,bsc
BSE,bse
BSF,bsf
BSG,bsg
BSH,bsh
BSI,bsi
BSJ,bsj
BSK,bsk
BSL,bsl
BSM,bsm
BSN,bsn
BSO,bso
BSP,bsp
BSQ,bsq
BSR,bsr
BSS,bss
BST,bst
BSU,bsu
BSV,bsv
BSW,bsw
BSX,bsx
BSY,bsy
BTA,bta
BTC,btc
BTD,btd
BTE,bte
BTF,btf
BTG,btg
BTH,bth
BTI,bti
BTJ,btj
BTM,btm
BTN,btn
BTO,bto
BTP,btp
BTQ,btq
BTR,btr
BTS,bts
BTT,btt
BTU,btu
BTV,btv
BTW,btw
BTX,btx
BTY,bty
BTZ,btz
BUB,bub
BUC,buc
BUD,bud
BUE,bue
BUF,buf
BUG,bug
BUH,buh
BUI,bui
BUJ,buj
BUK,buk
BUL,bul
BUM,bum
BUN,bun
BUO,buo
BUP,bup
BUQ,buq
BUS,bus
BUT,but
BUU,buu
BUV,buv
BUW,buw
BUX,bux
BUY,buy
BUZ,buz
BVA,bva
BVB,bvb
BVC,bvc
BVD,bvd
BVE,bve
BVF,bvf
BVG,bvg
BVH,bvh
BVI,bvi
BVJ,bvj
BVK,bvk
BVL,bvl
BVM,bvm
BVN,bvn
BVO,bvo
BVP,bvp
BVQ,bvq
BVR,bvr
BVT,bvt
BVU,bvu
BVV,bvv
BVW,bvw
BVX,bvx
BVY,bvy
BVZ,bvz
BWA,bwa
BWB,bwb
BWC,bwc
BWD,bwd
BWE,bwe
BWF,bwf
BWG,bwg
BWH,bwh
BWI,bwi
BWJ,bwj
BWK,bwk
BWL,bwl
BWM,bwm
BWN,bwn
BWO,bwo
BWP,bwp
BWQ,bwq
BWR,bwr
BWS,bws
BWT,bwt
BWU,bwu
BWW,bww
BWX,bwx
BWY,bwy
BWZ,bwz
BXA,bxa
BXB,bxb
BXC,bxc
BXD,bxd
BXE,bxe
BXF,bxf
BXG,bxg
BXH,bxh
BXI,bxi
BXJ,bxj
BXK,bxk
BXL,bxl
BXM,bxm
BXN,bxn
BXO,bxo
BXP,bxp
BXQ,bxq
BXR,bxr
BXS,bxs
BXU,bxu
BXV,bxv
BXW,bxw
BXZ,bxz
BYA,bya
BYB,byb
BYC,byc
BYD,byd
BYE,bye
BYF,byf
BYG,byg
BYH,byh
BYI,byi
BYJ,byj
BYK,byk
BYL,byl
BYM,bym
BYN,byn
BYO,byo
BYP,byp
BYQ,byq
BYR,byr
BYS,bys
BYT,byt
BYV,byv
BYW,byw
BYX,byx
BYZ,byz
BZA,bza
BZB,bzb
BZC,bzc
BZD,bzd
BZE,bze
BZF,bzf
BZG,bzg
BZH,bzh
BZI,bzi
BZJ,bzj
BZK,bzk
BZL,bzl
BZM,bzm
BZN,bzn
BZO,bzo
BZP,bzp
BZQ,bzq
BZR,bzr
BZS,bzs
BZU,bzu
BZV,bzv
BZW,bzw
BZX,bzx
BZY,bzy
BZZ,bzz
CAA,caa
CAB,cab
CAC,cac
CAD,cad
CAE,cae
CAF,caf
CAG,cag
CAH,cah
CAJ,caj
CAK,cak
CAL,cal
CAM,cam
CAN,can
CAO,cao
CAP,cap
CAQ,caq
CAR,car
CAS,cas
CAT,cat
CAV,cav
CAW,caw
CAX,cax
CAY,cay
CAZ,caz
CBB,cbb
CBC,cbc
CBD,cbd
CBG,cbg
CBI,cbi
CBJ,cbj
CBK,cbk
CBL,cbl
CBN,cbn
CBO,cbo
CBQ,cbq
CBR,cbr
CBS,cbs
CBT,cbt
CBU,cbu
CBV,cbv
CBW,cbw
CBY,cby
CCC,ccc
CCD,ccd
CCE,cce
CCG,ccg
CCH,cch
CCJ,ccj
CCL,ccl
CCM,ccm
CCO,cco
CCP,ccp
CCR,ccr
CDA,cda
CDE,cde
CDF,cdf
CDH,cdh
CDI,cdi
CDJ,cdj
CDM,cdm
CDN,cdn
CDO,cdo
CDR,cdr
CDS,cds
CDY,cdy
CDZ,cdz
CEA,cea
CEB,ceb
CEG,ceg
CEK,cek
CEN,cen
CES,ces
CET,cet
CEY,cey
CFA,cfa
CFD,cfd
CFG,cfg
CFM,cfm
CGA,cga
CGC,cgc
CGG,cgg
CGK,cgk
CHA,cha
CHB,chb
CHC,chc
CHD,chd
CHE,che
CHF,chf
CHG,chg
CHH,chh
CHI,chi
CHJ,chj
CHK,chk
CHL,chl
CHN,chn
CHO,cho
CHP,chp
CHQ,chq
CHR,chr
CHT,cht
CHU,chu
CHV,chv
CHW,chw
CHX,chx
CHY,chy
CHZ,chz
CIA,cia
CIB,cib
CIC,cic
CID,cid
CIE,cie
CIH,cih
CIK,cik
CIM,cim
CIN,cin
CIP,cip
CIR,cir
CIW,ciw
CIY,ciy
CJA,cja
CJE,cje
CJH,cjh
CJI,cji
CJK,cjk
CJM,cjm
CJN,cjn
CJO,cjo
CJP,cjp
CJS,cjs
CJV,cjv
CJY,cjy
CKB,ckb
CKH,ckh
CKL,ckl
CKM,ckm
CKN,ckn
CKO,cko
CKQ,ckq
CKR,ckr
CKS,cks
CKT,ckt
CKU,cku
CKV,ckv
CKX,ckx
CKY,cky
CKZ,ckz
CLA,cla
CLC,clc
CLD,cld
CLE,cle
CLH,clh
CLI,cli
CLJ,clj
CLK,clk
CLL,cll
CLM,clm
CLO,clo
CLT,clt
CLU,clu
CLW,clw
CLY,cly
CMA,cma
CME,cme
CMI,cmi
CML,cml
CMM,cmm
CMN,cmn
CMO,cmo
CMR,cmr
CMT,cmt
CNA,cna
CNB,cnb
CNC,cnc
CNG,cng
CNH,cnh
CNI,cni
CNK,cnk
CNL,cnl
CNO,cno
CNP,cnp
CNQ,cnq
CNR,cnr
CNS,cns
CNT,cnt
CNU,cnu
CNW,cnw
COA,coa
COB,cob
COC,coc
COD,cod
COE,coe
COF,cof
COG,cog
COH,coh
COJ,coj
COK,cok
COL,col
COM,com
CON,con
COO,coo
COP,cop
COQ,coq
COR,cor
COS,cos
COT,cot
COU,cou
COV,cov
COW,cow
COX,cox
COZ,coz
CPA,cpa
CPB,cpb
CPC,cpc
CPG,cpg
CPI,cpi
CPN,cpn
CPO,cpo
CPS,cps
CPU,cpu
CPX,cpx
CPY,cpy
CQD,cqd
CRA,cra
CRB,crb
CRC,crc
CRD,crd
CRF,crf
CRG,crg
CRH,crh
CRI,cri
CRJ,crj
CRK,crk
CRL,crl
CRM,crm
CRN,crn
CRO,cro
CRQ,crq
CRR,crr
CRS,crs
CRT,crt
CRV,crv
CRW,crw
CRX,crx
CRY,cry
CRZ,crz
CSA,csa
CSB,csb
CSC,csc
CSD,csd
CSE,cse
CSF,csf
CSG,csg
CSH,csh
CSI,csi
CSJ,csj
CSK,csk
CSL,csl
CSM,csm
CSN,csn
CSO,cso
CSP,csp
CSQ,csq
CSR,csr
CSS,css
CST,cst
CSV,csv
CSW,csw
CSX,csx
CSY,csy
CSZ,csz
CTA,cta
CTC,ctc
CTD,ctd
CTE,cte
CTG,ctg
CTH,cth
CTL,ctl
CTM,ctm
CTN,ctn
CTO,cto
CTP,ctp
CTS,cts
CTT,ctt
CTU,ctu
CTY,cty
CTZ,ctz
CUA,cua
CUB,cub
CUC,cuc
CUH,cuh
CUI,cui
CUJ,cuj
CUK,cuk
CUL,cul
CUO,cuo
CUP,cup
CUQ,cuq
CUR,cur
CUT,cut
CUU,cuu
CUV,cuv
CUW,cuw
CUX,cux
CUY,cuy
CVG,cvg
CVN,cvn
CWA,cwa
CWB,cwb
CWD,cwd
CWE,cwe
CWG,cwg
CWT,cwt
CXH,cxh
CYA,cya
CYB,cyb
CYM,cym
CYO,cyo
CZH,czh
CZK,czk
CZN,czn
CZO,czo
CZT,czt
DAA,daa
DAC,dac
DAD,dad
DAE,dae
DAG,dag
DAH,dah
DAI,dai
DAJ,daj
DAK,dak
DAL,dal
DAM,dam
DAN,dan
DAO,dao
DAQ,daq
DAR,dar
DAS,das
DAU,dau
DAV,dav
DAW,daw
DAX,dax
DAZ,daz
DBA,dba
DBB,dbb
DBD,dbd
DBE,dbe
DBF,dbf
DBG,dbg
DBI,dbi
DBJ,dbj
DBL,dbl
DBM,dbm
DBN,dbn
DBO,dbo
DBP,dbp
DBQ,dbq
DBR,dbr
DBT,dbt
DBU,dbu
DBV,dbv
DBW,dbw
DBY,dby
DCC,dcc
DCR,dcr
DDA,dda
DDD,ddd
DDE,dde
DDG,ddg
DDI,ddi
DDJ,ddj
DDN,ddn
DDO,ddo
DDR,ddr
DDS,dds
DDW,ddw
DEC,dec
DED,ded
DEE,dee
DEF,def
DEG,deg
DEH,deh
DEI,dei
DEM,dem
DEP,dep
DEQ,deq
DER,der
DES,des
DEU,deu
DEV,dev
DEZ,dez
DGA,dga
DGB,dgb
DGC,dgc
DGD,dgd
DGE,dge
DGG,dgg
DGH,dgh
DGI,dgi
DGK,dgk
DGL,dgl
DGN,dgn
DGO,dgo
DGR,dgr
DGS,dgs
DGT,dgt
DGW,dgw
DGX,dgx
DGZ,dgz
DHD,dhd
DHG,dhg
DHI,dhi
DHL,dhl
DHM,dhm
DHN,dhn
DHO,dho
DHR,dhr
DHS,dhs
DHU,dhu
DHV,dhv
DHW,dhw
DHX,dhx
DIA,dia
DIB,dib
DIC,dic
DID,did
DIF,dif
DIG,dig
DIH,dih
DII,dii
DIJ,dij
DIK,dik
DIL,dil
DIM,dim
DIO,dio
DIP,dip
DIQ,diq
DIR,dir
DIS,dis
DIU,diu
DIV,div
DIW,diw
DIX,dix
DIY,diy
DIZ,diz
DJA,dja
DJB,djb
DJC,djc
DJD,djd
DJE,dje
DJF,djf
DJI,dji
DJJ,djj
DJK,djk
DJM,djm
DJN,djn
DJO,djo
DJR,djr
DJU,dju
DJW,djw
DKA,dka
DKG,dkg
DKK,dkk
DKR,dkr
DKS,dks
DKX,dkx
DLG,dlg
DLK,dlk
DLM,dlm
DLN,dln
DMA,dma
DMB,dmb
DMC,dmc
DMD,dmd
DME,dme
DMG,dmg
DMK,dmk
DML,dml
DMM,dmm
DMO,dmo
DMR,dmr
DMS,dms
DMU,dmu
DMV,dmv
DMW,dmw
DMX,dmx
DMY,dmy
DNA,dna
DND,dnd
DNE,dne
DNG,dng
DNI,dni
DNJ,dnj
DNK,dnk
DNN,dnn
DNO,dno
DNR,dnr
DNT,dnt
DNU,dnu
DNV,dnv
DNW,dnw
DNY,dny
DOA,doa
DOB,dob
DOC,doc
DOE,doe
DOF,dof
DOH,doh
DOK,dok
DOL,dol
DON,don
DOO,doo
DOP,dop
DOQ,doq
DOR,dor
DOS,dos
DOT,dot
DOV,dov
DOW,dow
DOX,dox
DOY,doy
DOZ,doz
DPP,dpp
DRB,drb
DRC,drc
DRD,drd
DRE,dre
DRG,drg
DRI,dri
DRL,drl
DRN,drn
DRO,dro
DRQ,drq
DRS,drs
DRT,drt
DRU,dru
DRY,dry
DSB,dsb
DSE,dse
DSH,dsh
DSI,dsi
DSK,dsk
DSL,dsl
DSN,dsn
DSO,dso
DSQ,dsq
DSZ,dsz
DTA,dta
DTB,dtb
DTD,dtd
DTH,dth
DTI,dti
DTK,dtk
DTM,dtm
DTN,dtn
DTO,dto
DTP,dtp
DTR,dtr
DTS,dts
DTT,dtt
DTU,dtu
DTY,dty
DUA,dua
DUB,dub
DUC,duc
DUE,due
DUF,duf
DUG,dug
DUH,duh
DUI,dui
DUK,duk
DUL,dul
DUN,dun
DUO,duo
DUP,dup
DUQ,duq
DUR,dur
DUS,dus
DUU,duu
DUV,duv
DUW,duw
DUX,dux
DUY,duy
DUZ,duz
DVA,dva
DWA,dwa
DWK,dwk
DWR,dwr
DWU,dwu
DWW,dww
DWY,dwy
DWZ,dwz
DYA,dya
DYB,dyb
DYD,dyd
DYG,dyg
DYI,dyi
DYM,dym
DYN,dyn
DYO,dyo
DYR,dyr
DYU,dyu
DYY,dyy
DZA,dza
DZD,dzd
DZE,dze
DZG,dzg
DZL,dzl
DZN,dzn
DZO,dzo
EAA,eaa
EBC,ebc
EBG,ebg
EBK,ebk
EBO,ebo
EBR,ebr
EBU,ebu
ECS,ecs
EEE,eee
EFA,efa
EFE,efe
EFI,efi
EGA,ega
EGL,egl
EGM,egm
EGO,ego
EHS,ehs
EHU,ehu
EIP,eip
EIT,eit
EIV,eiv
EJA,eja
EKA,eka
EKE,eke
EKG,ekg
EKI,eki
EKK,ekk
EKL,ekl
EKM,ekm
EKO,eko
EKP,ekp
EKR,ekr
EKY,eky
ELE,ele
ELH,elh
ELI,eli
ELK,elk
ELL,ell
ELM,elm
ELO,elo
ELU,elu
EMA,ema
EMB,emb
EME,eme
EMG,emg
EMI,emi
EMK,emk
EMM,emm
EMN,emn
EMP,emp
EMQ,emq
EMS,ems
EMU,emu
EMW,emw
EMX,emx
EMZ,emz
ENA,ena
ENB,enb
ENC,enc
END,end
ENF,enf
ENG,eng
ENH,enh
ENL,enl
ENN,enn
ENO,eno
ENQ,enq
ENR,enr
ENU,enu
ENV,env
ENW,enw
ENX,enx
EOT,eot
EPI,epi
EPO,epo
ERA,era
ERG,erg
ERH,erh
ERI,eri
ERK,erk
ERO,ero
ERR,err
ERS,ers
ERT,ert
ERW,erw
ESE,ese
ESG,esg
ESH,esh
ESI,esi
ESK,esk
ESL,esl
ESM,esm
ESN,esn
ESO,eso
ESQ,esq
ESS,ess
ESU,esu
ESY,esy
ETB,etb
ETC,etc
ETH,eth
ETN,etn
ETO,eto
ETR,etr
ETS,ets
ETU,etu
ETX,etx
ETZ,etz
EUD,eud
EUS,eus
EVE,eve
EVH,evh
EVN,evn
EWE,ewe
EWO,ewo
EXT,ext
EYA,eya
EYO,eyo
EZA,eza
EZE,eze
FAA,faa
FAB,fab
FAD,fad
FAF,faf
FAG,fag
FAH,fah
FAI,fai
FAJ,faj
FAK,fak
FAL,fal
FAM,fam
FAN,fan
FAO,fao
FAP,fap
FAR,far
FAU,fau
FAX,fax
FAY,fay
FBL,fbl
FCS,fcs
FER,fer
FFI,ffi
FFM,ffm
FGR,fgr
FIA,fia
FIE,fie
FIF,fif
FIJ,fij
FIL,fil
FIN,fin
FIP,fip
FIR,fir
FIT,fit
FIW,fiw
FKK,fkk
FKV,fkv
FLA,fla
FLH,flh
FLI,fli
FLL,fll
FLN,fln
FLR,flr
FLY,fly
FMP,fmp
FMU,fmu
FNB,fnb
FNG,fng
FNI,fni
FOD,fod
FOI,foi
FOM,fom
FON,fon
FOR,for
FOS,fos
FPE,fpe
FQS,fqs
FRA,fra
FRC,frc
FRD,frd
FRP,frp
FRQ,frq
FRR,frr
FRS,frs
FRT,frt
FRY,fry
FSE,fse
FSL,fsl
FSS,fss
FUB,fub
FUC,fuc
FUD,fud
FUE,fue
FUF,fuf
FUH,fuh
FUI,fui
FUJ,fuj
FUM,fum
FUN,fun
FUQ,fuq
FUR,fur
FUT,fut
FUU,fuu
FUV,fuv
FUY,fuy
FVR,fvr
FWA,fwa
FWE,fwe
GAA,gaa
GAB,gab
GAC,gac
GAD,gad
GAE,gae
GAF,gaf
GAG,gag
GAH,gah
GAI,gai
GAJ,gaj
GAK,gak
GAL,gal
GAM,gam
GAN,gan
GAO,gao
GAP,gap
GAQ,gaq
GAR,gar
GAS,gas
GAT,gat
GAU,gau
GAW,gaw
GAX,gax
GAY,gay
GAZ,gaz
GBB,gbb
GBD,gbd
GBE,gbe
GBF,gbf
GBG,gbg
GBH,gbh
GBI,gbi
GBJ,gbj
GBK,gbk
GBL,gbl
GBM,gbm
GBN,gbn
GBO,gbo
GBP,gbp
GBQ,gbq
GBR,gbr
GBS,gbs
GBU,gbu
GBV,gbv
GBW,gbw
GBX,gbx
GBY,gby
GBZ,gbz
GCC,gcc
GCD,gcd
GCE,gce
GCF,gcf
GCL,gcl
GCN,gcn
GCR,gcr
GCT,gct
GDA,gda
GDB,gdb
GDC,gdc
GDD,gdd
GDE,gde
GDF,gdf
GDG,gdg
GDH,gdh
GDI,gdi
GDJ,gdj
GDK,gdk
GDL,gdl
GDM,gdm
GDN,gdn
GDO,gdo
GDQ,gdq
GDR,gdr
GDS,gds
GDT,gdt
GDU,gdu
GDX,gdx
GEA,gea
GEB,geb
GEC,gec
GED,ged
GEF,gef
GEG,geg
GEH,geh
GEI,gei
GEJ,gej
GEK,gek
GEL,gel
GEQ,geq
GES,ges
GEV,gev
GEW,gew
GEX,gex
GEY,gey
GEZ,gez
GFK,gfk
GFT,gft
GGA,gga
GGB,ggb
GGD,ggd
GGE,gge
GGG,ggg
GGK,ggk
GGL,ggl
GGT,ggt
GGU,ggu
GGW,ggw
GHA,gha
GHE,ghe
GHH,ghh
GHK,ghk
GHL,ghl
GHN,ghn
GHO,gho
GHR,ghr
GHS,ghs
GHT,ght
GIA,gia
GIB,gib
GIC,gic
GID,gid
GIE,gie
GIG,gig
GIH,gih
GII,gii
GIL,gil
GIM,gim
GIN,gin
GIP,gip
GIQ,giq
GIR,gir
GIS,gis
GIT,git
GIU,giu
GIW,giw
GIX,gix
GIY,giy
GIZ,giz
GJK,gjk
GJM,gjm
GJN,gjn
GJR,gjr
GJU,gju
GKA,gka
GKD,gkd
GKE,gke
GKN,gkn
GKO,gko
GKP,gkp
GKU,gku
GLA,gla
GLB,glb
GLC,glc
GLD,gld
GLE,gle
GLG,glg
GLH,glh
GLJ,glj
GLK,glk
GLL,gll
GLO,glo
GLR,glr
GLU,glu
GLV,glv
GLW,glw
GLY,gly
GMA,gma
GMB,gmb
GMD,gmd
GMG,gmg
GMM,gmm
GMN,gmn
GMR,gmr
GMU,gmu
GMV,gmv
GMX,gmx
GMZ,gmz
GNA,gna
GNB,gnb
GNC,gnc
GND,gnd
GNE,gne
GNG,gng
GNH,gnh
GNI,gni
GNJ,gnj
GNK,gnk
GNL,gnl
GNM,gnm
GNN,gnn
GNO,gno
GNQ,gnq
GNR,gnr
GNT,gnt
GNU,gnu
GNW,gnw
GNZ,gnz
GOA,goa
GOB,gob
GOC,goc
GOD,god
GOE,goe
GOF,gof
GOG,gog
GOI,goi
GOJ,goj
GOK,gok
GOL,gol
GOM,gom
GOO,goo
GOP,gop
GOQ,goq
GOR,gor
GOS,gos
GOU,gou
GOV,gov
GOW,gow
GOX,gox
GOY,goy
GOZ,goz
GPA,gpa
GPE,gpe
GPN,gpn
GQA,gqa
GQI,gqi
GQN,gqn
GQR,gqr
GQU,gqu
GRA,gra
GRC,grc
GRD,grd
GRG,grg
GRH,grh
GRI,gri
GRJ,grj
GRM,grm
GRO,gro
GRQ,grq
GRR,grr
GRS,grs
GRT,grt
GRU,gru
GRV,grv
GRW,grw
GRX,grx
GRY,gry
GRZ,grz
GSE,gse
GSG,gsg
GSL,gsl
GSM,gsm
GSN,gsn
GSO,gso
GSP,gsp
GSS,gss
GSW,gsw
GTA,gta
GTU,gtu
GUA,gua
GUB,gub
GUC,guc
GUD,gud
GUE,gue
GUF,guf
GUG,gug
GUH,guh
GUI,gui
GUJ,guj
GUK,guk
GUL,gul
GUM,gum
GUN,gun
GUO,guo
GUP,gup
GUQ,guq
GUR,gur
GUS,gus
GUT,gut
GUU,guu
GUW,guw
GUX,gux
GUZ,guz
GVA,gva
GVC,gvc
GVE,gve
GVF,gvf
GVJ,gvj
GVL,gvl
GVM,gvm
GVN,gvn
GVO,gvo
GVP,gvp
GVR,gvr
GVS,gvs
GVY,gvy
GWA,gwa
GWB,gwb
GWC,gwc
GWD,gwd
GWE,gwe
GWF,gwf
GWG,gwg
GWI,gwi
GWJ,gwj
GWM,gwm
GWN,gwn
GWR,gwr
GWT,gwt
GWU,gwu
GWW,gww
GWX,gwx
GXX,gxx
GYA,gya
GYB,gyb
GYD,gyd
GYE,gye
GYF,gyf
GYG,gyg
GYI,gyi
GYL,gyl
GYM,gym
GYN,gyn
GYO,gyo
GYR,gyr
GYY,gyy
GYZ,gyz
GZA,gza
GZI,gzi
GZN,gzn
HAA,haa
HAB,hab
HAC,hac
HAD,had
HAE,hae
HAF,haf
HAG,hag
HAH,hah
HAJ,haj
HAK,hak
HAL,hal
HAM,ham
HAN,han
HAO,hao
HAP,hap
HAQ,haq
HAR,har
HAS,has
HAT,hat
HAU,hau
HAV,hav
HAW,haw
HAX,hax
HAY,hay
HAZ,haz
HBA,hba
HBB,hbb
HBN,hbn
HBO,hbo
HBU,hbu
HCA,hca
HCH,hch
HDN,hdn
HDS,hds
HDY,hdy
HEA,hea
HEB,heb
HED,hed
HEG,heg
HEH,heh
HEI,hei
HEM,hem
HER,her
HGM,hgm
HGW,hgw
HHI,hhi
HHR,hhr
HHY,hhy
HIA,hia
HIB,hib
HID,hid
HIF,hif
HIG,hig
HIH,hih
HII,hii
HIJ,hij
HIK,hik
HIL,hil
HIN,hin
HIO,hio
HIR,hir
HIW,hiw
HIX,hix
HJI,hji
HKA,hka
HKE,hke
HKH,hkh
HKK,hkk
HKN,hkn
HKS,hks
HLA,hla
HLB,hlb
HLD,hld
HLE,hle
HLT,hlt
HMA,hma
HMB,hmb
HMC,hmc
HMD,hmd
HME,hme
HMF,hmf
HMG,hmg
HMH,hmh
HMI,hmi
HMJ,hmj
HML,hml
HMM,hmm
HMO,hmo
HMP,hmp
HMQ,hmq
HMR,hmr
HMS,hms
HMT,hmt
HMU,hmu
HMV,hmv
HMW,hmw
HMY,hmy
HMZ,hmz
HNA,hna
HND,hnd
HNE,hne
HNG,hng
HNH,hnh
HNI,hni
HNJ,hnj
HNM,hnm
HNN,hnn
HNO,hno
HNS,hns
HNU,hnu
HOA,hoa
HOB,hob
HOC,hoc
HOD,hod
HOE,hoe
HOH,hoh
HOI,hoi
HOJ,hoj
HOL,hol
HOM,hom
HOO,hoo
HOP,hop
HOR,hor
HOS,hos
HOT,hot
HOV,hov
HOW,how
HOY,hoy
HOZ,hoz
HPO,hpo
HPS,hps
HRA,hra
HRC,hrc
HRE,hre
HRK,hrk
HRM,hrm
HRO,hro
HRP,hrp
HRT,hrt
HRU,hru
HRV,hrv
HRW,hrw
HRX,hrx
HRZ,hrz
HSB,hsb
HSH,hsh
HSL,hsl
HSN,hsn
HSS,hss
HTI,hti
HTO,hto
HTS,hts
HTU,htu
HUB,hub
HUC,huc
HUD,hud
HUE,hue
HUF,huf
HUG,hug
HUH,huh
HUI,hui
HUJ,huj
HUK,huk
HUL,hul
HUM,hum
HUN,hun
HUO,huo
HUP,hup
HUQ,huq
HUR,hur
HUS,hus
HUT,hut
HUU,huu
HUV,huv
HUW,huw
HUX,hux
HUY,huy
HUZ,huz
HVC,hvc
HVE,hve
HVK,hvk
HVN,hvn
HVV,hvv
HWA,hwa
HWC,hwc
HWO,hwo
HYA,hya
HYE,hye
HYW,hyw
IAI,iai
IAN,ian
IAR,iar
IBA,iba
IBB,ibb
IBD,ibd
IBE,ibe
IBG,ibg
IBH,ibh
IBL,ibl
IBM,ibm
IBN,ibn
IBO,ibo
IBR,ibr
IBU,ibu
IBY,iby
ICA,ica
ICH,ich
ICL,icl
ICR,icr
IDA,ida
IDB,idb
IDC,idc
IDD,idd
IDE,ide
IDI,idi
IDR,idr
IDS,ids
IDT,idt
IDU,idu
IFA,ifa
IFB,ifb
IFE,ife
IFF,iff
IFK,ifk
IFM,ifm
IFU,ifu
IFY,ify
IGB,igb
IGE,ige
IGG,igg
IGL,igl
IGM,igm
IGN,ign
IGO,igo
IGW,igw
IHB,ihb
IHI,ihi
IHP,ihp
IHW,ihw
III,iii
IIN,iin
IJC,ijc
IJE,ije
IJJ,ijj
IJN,ijn
IJS,ijs
IKE,ike
IKH,ikh
IKI,iki
IKK,ikk
IKL,ikl
IKO,iko
IKP,ikp
IKR,ikr
IKS,iks
IKT,ikt
IKV,ikv
IKW,ikw
IKX,ikx
IKZ,ikz
ILA,ila
ILB,ilb
ILG,ilg
ILI,ili
ILK,ilk
ILM,ilm
ILO,ilo
ILP,ilp
ILS,ils
ILU,ilu
ILV,ilv
IMA,ima
IMI,imi
IML,iml
IMN,imn
IMO,imo
IMR,imr
IMT,imt
INB,inb
IND,ind
ING,ing
INH,inh
INJ,inj
INL,inl
INN,inn
INO,ino
INP,inp
INS,ins
INT,int
INZ,inz
IOR,ior
IOU,iou
IOW,iow
IPI,ipi
IPO,ipo
IQU,iqu
IQW,iqw
IRE,ire
IRH,irh
IRI,iri
IRK,irk
IRN,irn
IRR,irr
IRU,iru
IRX,irx
IRY,iry
ISA,isa
ISC,isc
ISD,isd
ISE,ise
ISG,isg
ISH,ish
ISI,isi
ISK,isk
ISL,isl
ISM,ism
ISN,isn
ISO,iso
ISR,isr
IST,ist
ISU,isu
ITA,ita
ITB,itb
ITD,itd
ITE,ite
ITI,iti
ITK,itk
ITL,itl
ITM,itm
ITO,ito
ITR,itr
ITS,its
ITT,itt
ITV,itv
ITW,itw
ITX,itx
ITY,ity
ITZ,itz
IUM,ium
IVB,ivb
IVV,ivv
IWK,iwk
IWM,iwm
IWO,iwo
IWS,iws
IXC,ixc
IXL,ixl
IYA,iya
IYO,iyo
IYX,iyx
IZH,izh
IZM,izm
IZR,izr
IZZ,izz
JAA,jaa
JAB,jab
JAC,jac
JAD,jad
JAE,jae
JAF,jaf
JAH,jah
JAJ,jaj
JAK,jak
JAL,jal
JAM,jam
JAN,jan
JAO,jao
JAQ,jaq
JAS,jas
JAT,jat
JAU,jau
JAV,jav
JAX,jax
JAY,jay
JAZ,jaz
JBE,jbe
JBI,jbi
JBJ,jbj
JBK,jbk
JBM,jbm
JBN,jbn
JBR,jbr
JBT,jbt
JBU,jbu
JBW,jbw
JCS,jcs
JCT,jct
JDA,jda
JDG,jdg
JDT,jdt
JEB,jeb
JEE,jee
JEH,jeh
JEI,jei
JEK,jek
JEL,jel
JEN,jen
JER,jer
JET,jet
JEU,jeu
JGB,jgb
JGE,jge
JGK,jgk
JGO,jgo
JHI,jhi
JHS,jhs
JIA,jia
JIB,jib
JIC,jic
JID,jid
JIE,jie
JIG,jig
JIH,jih
JII,jii
JIL,jil
JIM,jim
JIO,jio
JIQ,jiq
JIT,jit
JIU,jiu
JIV,jiv
JIY,jiy
JJE,jje
JJR,jjr
JKA,jka
JKM,jkm
JKO,jko
JKP,jkp
JKR,jkr
JKS,jks
JKU,jku
JLE,jle
JLS,jls
JMA,jma
JMB,jmb
JMC,jmc
JMD,jmd
JMI,jmi
JML,jml
JMN,jmn
JMR,jmr
JMS,jms
JMW,jmw
JMX,jmx
JNA,jna
JND,jnd
JNG,jng
JNI,jni
JNJ,jnj
JNL,jnl
JNS,jns
JOB,job
JOD,jod
JOG,jog
JOR,jor
JOS,jos
JOW,jow
JPN,jpn
JPR,jpr
JQR,jqr
JRA,jra
JRR,jrr
JRT,jrt
JRU,jru
JSL,jsl
JUA,jua
JUB,jub
JUC,juc
JUD,jud
JUH,juh
JUI,jui
JUK,juk
JUL,jul
JUM,jum
JUN,jun
JUO,juo
JUP,jup
JUR,jur
JUS,jus
JUU,juu
JUW,juw
JUY,juy
JVD,jvd
JVN,jvn
JWI,jwi
JYA,jya
JYE,jye
JYY,jyy
KAA,kaa
KAB,kab
KAC,kac
KAD,kad
KAE,kae
KAF,kaf
KAG,kag
KAH,kah
KAI,kai
KAJ,kaj
KAK,kak
KAL,kal
KAM,kam
KAN,kan
KAO,kao
KAP,kap
KAQ,kaq
KAS,kas
KAT,kat
KAV,kav
KAX,kax
KAY,kay
KAZ,kaz
KBA,kba
KBB,kbb
KBC,kbc
KBD,kbd
KBE,kbe
KBG,kbg
KBH,kbh
KBI,kbi
KBJ,kbj
KBK,kbk
KBL,kbl
KBM,kbm
KBN,kbn
KBO,kbo
KBP,kbp
KBQ,kbq
KBR,kbr
KBS,kbs
KBT,kbt
KBU,kbu
KBV,kbv
KBW,kbw
KBX,kbx
KBY,kby
KBZ,kbz
KCA,kca
KCB,kcb
KCC,kcc
KCD,kcd
KCE,kce
KCF,kcf
KCG,kcg
KCH,kch
KCI,kci
KCJ,kcj
KCK,kck
KCL,kcl
KCM,kcm
KCN,kcn
KCO,kco
KCP,kcp
KCQ,kcq
KCR,kcr
KCS,kcs
KCT,kct
KCU,kcu
KCV,kcv
KCW,kcw
KCX,kcx
KCY,kcy
KCZ,kcz
KDA,kda
KDC,kdc
KDD,kdd
KDE,kde
KDF,kdf
KDG,kdg
KDH,kdh
KDI,kdi
KDJ,kdj
KDK,kdk
KDL,kdl
KDM,kdm
KDN,kdn
KDP,kdp
KDQ,kdq
KDR,kdr
KDT,kdt
KDU,kdu
KDW,kdw
KDX,kdx
KDY,kdy
KDZ,kdz
KEA,kea
KEB,keb
KEC,kec
KED,ked
KEE,kee
KEF,kef
KEG,keg
KEH,keh
KEI,kei
KEJ,kej
KEK,kek
KEL,kel
KEM,kem
KEN,ken
KEO,keo
KEP,kep
KEQ,keq
KER,ker
KES,kes
KET,ket
KEU,keu
KEV,kev
KEW,kew
KEX,kex
KEY,key
KEZ,kez
KFA,kfa
KFB,kfb
KFC,kfc
KFD,kfd
KFE,kfe
KFF,kff
KFG,kfg
KFH,kfh
KFI,kfi
KFJ,kfj
KFK,kfk
KFL,kfl
KFM,kfm
KFN,kfn
KFO,kfo
KFP,kfp
KFQ,kfq
KFR,kfr
KFS,kfs
KFT,kft
KFU,kfu
KFV,kfv
KFW,kfw
KFX,kfx
KFY,kfy
KFZ,kfz
KGA,kga
KGB,kgb
KGE,kge
KGF,kgf
KGG,kgg
KGI,kgi
KGJ,kgj
KGK,kgk
KGL,kgl
KGN,kgn
KGO,kgo
KGP,kgp
KGQ,kgq
KGR,kgr
KGS,kgs
KGT,kgt
KGU,kgu
KGV,kgv
KGW,kgw
KGX,kgx
KGY,kgy
KHA,kha
KHB,khb
KHC,khc
KHD,khd
KHE,khe
KHF,khf
KHG,khg
KHH,khh
KHJ,khj
KHK,khk
KHL,khl
KHM,khm
KHN,khn
KHP,khp
KHQ,khq
KHR,khr
KHS,khs
KHT,kht
KHU,khu
KHV,khv
KHW,khw
KHX,khx
KHY,khy
KHZ,khz
KIA,kia
KIB,kib
KIC,kic
KID,kid
KIE,kie
KIF,kif
KIG,kig
KIH,kih
KII,kii
KIJ,kij
KIK,kik
KIL,kil
KIM,kim
KIN,kin
KIO,kio
KIP,kip
KIQ,kiq
KIR,kir
KIS,kis
KIT,kit
KIU,kiu
KIV,kiv
KIW,kiw
KIX,kix
KIY,kiy
KIZ,kiz
KJA,kja
KJB,kjb
KJC,kjc
KJD,kjd
KJE,kje
KJG,kjg
KJH,kjh
KJI,kji
KJJ,kjj
KJK,kjk
KJL,kjl
KJM,kjm
KJN,kjn
KJO,kjo
KJP,kjp
KJQ,kjq
KJR,kjr
KJS,kjs
KJT,kjt
KJU,kju
KJX,kjx
KJY,kjy
KJZ,kjz
KKA,kka
KKB,kkb
KKC,kkc
KKD,kkd
KKE,kke
KKF,kkf
KKG,kkg
KKH,kkh
KKI,kki
KKJ,kkj
KKK,kkk
KKL,kkl
KKM,kkm
KKN,kkn
KKO,kko
KKP,kkp
KKQ,kkq
KKR,kkr
KKS,kks
KKT,kkt
KKU,kku
KKV,kkv
KKW,kkw
KKX,kkx
KKY,kky
KKZ,kkz
KLA,kla
KLB,klb
KLC,klc
KLD,kld
KLE,kle
KLF,klf
KLG,klg
KLH,klh
KLI,kli
KLJ,klj
KLK,klk
KLL,kll
KLM,klm
KLO,klo
KLP,klp
KLQ,klq
KLR,klr
KLS,kls
KLT,klt
KLU,klu
KLV,klv
KLW,klw
KLX,klx
KLY,kly
KLZ,klz
KMA,kma
KMB,kmb
KMC,kmc
KMD,kmd
KME,kme
KMF,kmf
KMG,kmg
KMH,kmh
KMI,kmi
KMJ,kmj
KMK,kmk
KML,kml
KMM,kmm
KMN,kmn
KMO,kmo
KMP,kmp
KMQ,kmq
KMR,kmr
KMS,kms
KMT,kmt
KMU,kmu
KMV,kmv
KMW,kmw
KMX,kmx
KMY,kmy
KMZ,kmz
KNA,kna
KNB,knb
KNC,knc
KND,knd
KNE,kne
KNF,knf
KNG,kng
KNI,kni
KNJ,knj
KNK,knk
KNL,knl
KNM,knm
KNN,knn
KNO,kno
KNP,knp
KNQ,knq
KNR,knr
KNS,kns
KNT,knt
KNU,knu
KNV,knv
KNW,knw
KNX,knx
KNY,kny
KNZ,knz
KOA,koa
KOC,koc
KOD,kod
KOE,koe
KOF,kof
KOG,kog
KOH,koh
KOI,koi
KOL,kol
KOO,koo
KOP,kop
KOQ,koq
KOR,kor
KOS,kos
KOT,kot
KOU,kou
KOV,kov
KOW,kow
KOY,koy
KOZ,koz
KPA,kpa
KPB,kpb
KPC,kpc
KPD,kpd
KPF,kpf
KPG,kpg
KPH,kph
KPI,kpi
KPJ,kpj
KPK,kpk
KPL,kpl
KPM,kpm
KPN,kpn
KPO,kpo
KPQ,kpq
KPR,kpr
KPS,kps
KPT,kpt
KPU,kpu
KPV,kpv
KPW,kpw
KPX,kpx
KPY,kpy
KPZ,kpz
KQA,kqa
KQB,kqb
KQC,kqc
KQD,kqd
KQE,kqe
KQF,kqf
KQG,kqg
KQH,kqh
KQI,kqi
KQJ,kqj
KQK,kqk
KQL,kql
KQM,kqm
KQN,kqn
KQO,kqo
KQP,kqp
KQQ,kqq
KQR,kqr
KQS,kqs
KQT,kqt
KQU,kqu
KQV,kqv
KQW,kqw
KQX,kqx
KQY,kqy
KQZ,kqz
KRA,kra
KRB,krb
KRC,krc
KRD,krd
KRE,kre
KRF,krf
KRH,krh
KRI,kri
KRJ,krj
KRK,krk
KRL,krl
KRN,krn
KRP,krp
KRR,krr
KRS,krs
KRT,krt
KRU,kru
KRV,krv
KRW,krw
KRX,krx
KRY,kry
KRZ,krz
KSB,ksb
KSC,ksc
KSD,ksd
KSE,kse
KSF,ksf
KSG,ksg
KSH,ksh
KSI,ksi
KSJ,ksj
KSK,ksk
KSL,ksl
KSM,ksm
KSN,ksn
KSO,kso
KSP,ksp
KSQ,ksq
KSR,ksr
KSS,kss
KST,kst
KSU,ksu
KSV,ksv
KSW,ksw
KSX,ksx
KSY,ksy
KSZ,ksz
KTA,kta
KTB,ktb
KTC,ktc
KTD,ktd
KTE,kte
KTF,ktf
KTG,ktg
KTH,kth
KTI,kti
KTJ,ktj
KTK,ktk
KTL,ktl
KTM,ktm
KTN,ktn
KTO,kto
KTP,ktp
KTS,kts
KTT,ktt
KTU,ktu
KTV,ktv
KTW,ktw
KTX,ktx
KTY,kty
KTZ,ktz
KUA,kua
KUB,kub
KUC,kuc
KUD,kud
KUE,kue
KUF,kuf
KUG,kug
KUH,kuh
KUI,kui
KUJ,kuj
KUK,kuk
KUL,kul
KUM,kum
KUN,kun
KUO,kuo
KUP,kup
KUQ,kuq
KUS,kus
KUT,kut
KUU,kuu
KUV,kuv
KUW,kuw
KUX,kux
KUY,kuy
KUZ,kuz
KVA,kva
KVB,kvb
KVC,kvc
KVD,kvd
KVE,kve
KVF,kvf
KVG,kvg
KVH,kvh
KVI,kvi
KVJ,kvj
KVK,kvk
KVL,kvl
KVM,kvm
KVN,kvn
KVO,kvo
KVP,kvp
KVQ,kvq
KVR,kvr
KVT,kvt
KVU,kvu
KVV,kvv
KVW,kvw
KVX,kvx
KVY,kvy
KVZ,kvz
KWA,kwa
KWB,kwb
KWC,kwc
KWD,kwd
KWE,kwe
KWF,kwf
KWG,kwg
KWH,kwh
KWI,kwi
KWJ,kwj
KWK,kwk
KWL,kwl
KWM,kwm
KWN,kwn
KWO,kwo
KWP,kwp
KWR,kwr
KWS,kws
KWT,kwt
KWU,kwu
KWV,kwv
KWW,kww
KWX,kwx
KWY,kwy
KWZ,kwz
KXA,kxa
KXB,kxb
KXC,kxc
KXD,kxd
KXF,kxf
KXH,kxh
KXI,kxi
KXJ,kxj
KXK,kxk
KXM,kxm
KXN,kxn
KXO,kxo
KXP,kxp
KXQ,kxq
KXR,kxr
KXS,kxs
KXT,kxt
KXV,kxv
KXW,kxw
KXX,kxx
KXY,kxy
KXZ,kxz
KYA,kya
KYB,kyb
KYC,kyc
KYD,kyd
KYE,kye
KYF,kyf
KYG,kyg
KYH,kyh
KYI,kyi
KYJ,kyj
KYK,kyk
KYL,kyl
KYM,kym
KYN,kyn
KYO,kyo
KYP,kyp
KYQ,kyq
KYR,kyr
KYS,kys
KYT,kyt
KYU,kyu
KYV,kyv
KYW,kyw
KYX,kyx
KYY,kyy
KYZ,kyz
KZA,kza
KZB,kzb
KZC,kzc
KZD,kzd
KZE,kze
KZF,kzf
KZG,kzg
KZI,kzi
KZK,kzk
KZL,kzl
KZM,kzm
KZN,kzn
KZO,kzo
KZP,kzp
KZQ,kzq
KZR,kzr
KZS,kzs
KZU,kzu
KZV,kzv
KZW,kzw
KZX,kzx
KZY,kzy
KZZ,kzz
LAA,laa
LAC,lac
LAD,lad
LAE,lae
LAF,laf
LAG,lag
LAI,lai
LAJ,laj
LAL,lal
LAM,lam
LAN,lan
LAO,lao
LAP,lap
LAQ,laq
LAR,lar
LAS,las
LAT,lat
LAU,lau
LAW,law
LAX,lax
LAY,lay
LAZ,laz
LBB,lbb
LBC,lbc
LBE,lbe
LBF,lbf
LBG,lbg
LBI,lbi
LBJ,lbj
LBK,lbk
LBL,lbl
LBM,lbm
LBN,lbn
LBO,lbo
LBQ,lbq
LBR,lbr
LBS,lbs
LBT,lbt
LBU,lbu
LBV,lbv
LBW,lbw
LBX,lbx
LBY,lby
LBZ,lbz
LCC,lcc
LCD,lcd
LCE,lce
LCF,lcf
LCH,lch
LCL,lcl
LCM,lcm
LCP,lcp
LCQ,lcq
LCS,lcs
LDA,lda
LDB,ldb
LDD,ldd
LDG,ldg
LDH,ldh
LDI,ldi
LDJ,ldj
LDK,ldk
LDL,ldl
LDM,ldm
LDO,ldo
LDP,ldp
LDQ,ldq
LEA,lea
LEB,leb
LEC,lec
LED,led
LEE,lee
LEF,lef
LEH,leh
LEI,lei
LEJ,lej
LEK,lek
LEL,lel
LEM,lem
LEN,len
LEO,leo
LEP,lep
LEQ,leq
LER,ler
LES,les
LET,let
LEU,leu
LEV,lev
LEW,lew
LEX,lex
LEY,ley
LEZ,lez
LFA,lfa
LGA,lga
LGB,lgb
LGG,lgg
LGH,lgh
LGI,lgi
LGK,lgk
LGL,lgl
LGM,lgm
LGN,lgn
LGO,lgo
LGQ,lgq
LGR,lgr
LGS,lgs
LGT,lgt
LGU,lgu
LGZ,lgz
LHA,lha
LHH,lhh
LHI,lhi
LHL,lhl
LHM,lhm
LHN,lhn
LHP,lhp
LHS,lhs
LHT,lht
LHU,lhu
LIA,lia
LIB,lib
LIC,lic
LID,lid
LIE,lie
LIF,lif
LIG,lig
LIH,lih
LIJ,lij
LIK,lik
LIL,lil
LIM,lim
LIN,lin
LIO,lio
LIP,lip
LIQ,liq
LIR,lir
LIS,lis
LIT,lit
LIU,liu
LIV,liv
LIW,liw
LIX,lix
LIY,liy
LIZ,liz
LJA,lja
LJE,lje
LJI,lji
LJL,ljl
LJP,ljp
LJW,ljw
LJX,ljx
LKA,lka
LKB,lkb
LKC,lkc
LKD,lkd
LKE,lke
LKH,lkh
LKI,lki
LKJ,lkj
LKL,lkl
LKM,lkm
LKN,lkn
LKO,lko
LKR,lkr
LKS,lks
LKT,lkt
LKU,lku
LKY,lky
LLA,lla
LLB,llb
LLC,llc
LLD,lld
LLE,lle
LLF,llf
LLG,llg
LLH,llh
LLI,lli
LLJ,llj
LLK,llk
LLL,lll
LLM,llm
LLN,lln
LLP,llp
LLQ,llq
LLS,lls
LLU,llu
LLX,llx
LMA,lma
LMB,lmb
LMC,lmc
LMD,lmd
LME,lme
LMF,lmf
LMG,lmg
LMH,lmh
LMI,lmi
LMJ,lmj
LMK,lmk
LML,lml
LMN,lmn
LMO,lmo
LMP,lmp
LMQ,lmq
LMR,lmr
LMU,lmu
LMV,lmv
LMW,lmw
LMX,lmx
LMY,lmy
LNA,lna
LNB,lnb
LND,lnd
LNH,lnh
LNI,lni
LNJ,lnj
LNL,lnl
LNM,lnm
LNN,lnn
LNS,lns
LNU,lnu
LNW,lnw
LNZ,lnz
LOA,loa
LOB,lob
LOC,loc
LOE,loe
LOF,lof
LOG,log
LOH,loh
LOI,loi
LOJ,loj
LOK,lok
LOL,lol
LOM,lom
LON,lon
LOO,loo
LOP,lop
LOQ,loq
LOR,lor
LOS,los
LOT,lot
LOU,lou
LOV,lov
LOW,low
LOX,lox
LOY,loy
LOZ,loz
LPA,lpa
LPE,lpe
LPN,lpn
LPO,lpo
LPX,lpx
LQR,lqr
LRA,lra
LRC,lrc
LRE,lre
LRG,lrg
LRI,lri
LRK,lrk
LRL,lrl
LRM,lrm
LRN,lrn
LRO,lro
LRR,lrr
LRT,lrt
LRV,lrv
LRZ,lrz
LSA,lsa
LSB,lsb
LSC,lsc
LSD,lsd
LSE,lse
LSH,lsh
LSI,lsi
LSL,lsl
LSM,lsm
LSN,lsn
LSO,lso
LSP,lsp
LSR,lsr
LSS,lss
LST,lst
LSV,lsv
LSW,lsw
LSY,lsy
LTG,ltg
LTH,lth
LTI,lti
LTN,ltn
LTO,lto
LTS,lts
LTU,ltu
LTZ,ltz
LUA,lua
LUB,lub
LUC,luc
LUD,lud
LUE,lue
LUF,luf
LUG,lug
LUH,luh
LUI,lui
LUJ,luj
LUK,luk
LUL,lul
LUM,lum
LUN,lun
LUO,luo
LUP,lup
LUQ,luq
LUR,lur
LUS,lus
LUT,lut
LUU,luu
LUV,luv
LUW,luw
LUZ,luz
LVA,lva
LVI,lvi
LVK,lvk
LVL,lvl
LVS,lvs
LVU,lvu
LWA,lwa
LWE,lwe
LWG,lwg
LWH,lwh
LWL,lwl
LWM,lwm
LWO,lwo
LWS,lws
LWT,lwt
LWU,lwu
LWW,lww
LXM,lxm
LYA,lya
LYG,lyg
LYN,lyn
LZH,lzh
LZL,lzl
LZN,lzn
LZZ,lzz
MAA,maa
MAB,mab
MAD,mad
MAE,mae
MAF,maf
MAG,mag
MAH,mah
MAI,mai
MAJ,maj
MAK,mak
MAL,mal
MAM,mam
MAQ,maq
MAR,mar
MAS,mas
MAT,mat
MAU,mau
MAV,mav
MAW,maw
MAX,max
MAZ,maz
MBA,mba
MBB,mbb
MBC,mbc
MBD,mbd
MBE,mbe
MBF,mbf
MBH,mbh
MBI,mbi
MBJ,mbj
MBK,mbk
MBL,mbl
MBM,mbm
MBN,mbn
MBO,mbo
MBP,mbp
MBQ,mbq
MBR,mbr
MBS,mbs
MBT,mbt
MBU,mbu
MBV,mbv
MBW,mbw
MBX,mbx
MBY,mby
MBZ,mbz
MCA,mca
MCB,mcb
MCC,mcc
MCD,mcd
MCE,mce
MCF,mcf
MCG,mcg
MCH,mch
MCI,mci
MCJ,mcj
MCK,mck
MCL,mcl
MCM,mcm
MCN,mcn
MCO,mco
MCP,mcp
MCQ,mcq
MCR,mcr
MCS,mcs
MCT,mct
MCU,mcu
MCV,mcv
MCW,mcw
MCX,mcx
MCY,mcy
MCZ,mcz
MDA,mda
MDB,mdb
MDC,mdc
MDD,mdd
MDE,mde
MDF,mdf
MDG,mdg
MDH,mdh
MDI,mdi
MDJ,mdj
MDK,mdk
MDL,mdl
MDM,mdm
MDN,mdn
MDP,mdp
MDQ,mdq
MDR,mdr
MDS,mds
MDT,mdt
MDU,mdu
MDV,mdv
MDW,mdw
MDX,mdx
MDY,mdy
MDZ,mdz
MEA,mea
MEB,meb
MEC,mec
MED,med
MEE,mee
MEF,mef
MEH,meh
MEI,mei
MEJ,mej
MEK,mek
MEL,mel
MEM,mem
MEN,men
MEO,meo
MEP,mep
MEQ,meq
MER,mer
MES,mes
MET,met
MEU,meu
MEV,mev
MEW,mew
MEY,mey
MEZ,mez
MFA,mfa
MFB,mfb
MFC,mfc
MFD,mfd
MFE,mfe
MFF,mff
MFG,mfg
MFH,mfh
MFI,mfi
MFJ,mfj
MFK,mfk
MFL,mfl
MFM,mfm
MFN,mfn
MFO,mfo
MFP,mfp
MFQ,mfq
MFR,mfr
MFS,mfs
MFT,mft
MFU,mfu
MFV,mfv
MFW,mfw
MFX,mfx
MFY,mfy
MFZ,mfz
MGB,mgb
MGC,mgc
MGD,mgd
MGE,mge
MGF,mgf
MGG,mgg
MGH,mgh
MGI,mgi
MGJ,mgj
MGK,mgk
MGL,mgl
MGM,mgm
MGN,mgn
MGO,mgo
MGP,mgp
MGQ,mgq
MGR,mgr
MGS,mgs
MGT,mgt
MGU,mgu
MGV,mgv
MGW,mgw
MGY,mgy
MGZ,mgz
MHA,mha
MHB,mhb
MHC,mhc
MHD,mhd
MHE,mhe
MHF,mhf
MHG,mhg
MHI,mhi
MHJ,mhj
MHK,mhk
MHL,mhl
MHM,mhm
MHN,mhn
MHO,mho
MHP,mhp
MHQ,mhq
MHR,mhr
MHS,mhs
MHT,mht
MHU,mhu
MHW,mhw
MHX,mhx
MHY,mhy
MHZ,mhz
MIA,mia
MIB,mib
MIC,mic
MID,mid
MIE,mie
MIF,mif
MIG,mig
MIH,mih
MII,mii
MIJ,mij
MIK,mik
MIL,mil
MIM,mim
MIN,min
MIO,mio
MIP,mip
MIQ,miq
MIR,mir
MIT,mit
MIU,miu
MIW,miw
MIX,mix
MIY,miy
MIZ,miz
MJB,mjb
MJC,mjc
MJD,mjd
MJE,mje
MJG,mjg
MJH,mjh
MJI,mji
MJJ,mjj
MJK,mjk
MJL,mjl
MJM,mjm
MJN,mjn
MJO,mjo
MJP,mjp
MJQ,mjq
MJR,mjr
MJS,mjs
MJT,mjt
MJU,mju
MJV,mjv
MJW,mjw
MJX,mjx
MJY,mjy
MJZ,mjz
MKA,mka
MKB,mkb
MKC,mkc
MKD,mkd
MKE,mke
MKF,mkf
MKG,mkg
MKI,mki
MKJ,mkj
MKK,mkk
MKL,mkl
MKM,mkm
MKN,mkn
MKO,mko
MKP,mkp
MKQ,mkq
MKR,mkr
MKS,mks
MKT,mkt
MKU,mku
MKV,mkv
MKW,mkw
MKX,mkx
MKY,mky
MKZ,mkz
MLA,mla
MLB,mlb
MLC,mlc
MLE,mle
MLF,mlf
MLH,mlh
MLI,mli
MLJ,mlj
MLK,mlk
MLL,mll
MLM,mlm
MLN,mln
MLO,mlo
MLP,mlp
MLQ,mlq
MLR,mlr
MLS,mls
MLT,mlt
MLU,mlu
MLV,mlv
MLW,mlw
MLX,mlx
MLZ,mlz
MMA,mma
MMB,mmb
MMC,mmc
MMD,mmd
MME,mme
MMF,mmf
MMG,mmg
MMH,mmh
MMI,mmi
MMJ,mmj
MMK,mmk
MML,mml
MMM,mmm
MMN,mmn
MMO,mmo
MMP,mmp
MMQ,mmq
MMR,mmr
MMT,mmt
MMU,mmu
MMV,mmv
MMW,mmw
MMX,mmx
MMY,mmy
MMZ,mmz
MNA,mna
MNB,mnb
MNC,mnc
MND,mnd
MNE,mne
MNF,mnf
MNG,mng
MNH,mnh
MNI,mni
MNJ,mnj
MNK,mnk
MNL,mnl
MNM,mnm
MNN,mnn
MNP,mnp
MNQ,mnq
MNR,mnr
MNS,mns
MNU,mnu
MNV,mnv
MNW,mnw
MNX,mnx
MNY,mny
MNZ,mnz
MOA,moa
MOC,moc
MOD,mod
MOE,moe
MOG,mog
MOH,moh
MOI,moi
MOJ,moj
MOK,mok
MOM,mom
MOO,moo
MOP,mop
MOQ,moq
MOR,mor
MOS,mos
MOT,mot
MOU,mou
MOV,mov
MOW,mow
MOX,mox
MOY,moy
MOZ,moz
MPA,mpa
MPB,mpb
MPC,mpc
MPD,mpd
MPE,mpe
MPG,mpg
MPH,mph
MPI,mpi
MPJ,mpj
MPK,mpk
MPL,mpl
MPM,mpm
MPN,mpn
MPO,mpo
MPP,mpp
MPQ,mpq
MPR,mpr
MPS,mps
MPT,mpt
MPU,mpu
MPV,mpv
MPW,mpw
MPX,mpx
MPY,mpy
MPZ,mpz
MQA,mqa
MQB,mqb
MQC,mqc
MQE,mqe
MQF,mqf
MQG,mqg
MQH,mqh
MQI,mqi
MQJ,mqj
MQK,mqk
MQL,mql
MQM,mqm
MQN,mqn
MQO,mqo
MQP,mqp
MQQ,mqq
MQR,mqr
MQS,mqs
MQT,mqt
MQU,mqu
MQV,mqv
MQW,mqw
MQX,mqx
MQY,mqy
MQZ,mqz
MRA,mra
MRB,mrb
MRC,mrc
MRD,mrd
MRE,mre
MRF,mrf
MRG,mrg
MRH,mrh
MRI,mri
MRJ,mrj
MRK,mrk
MRL,mrl
MRM,mrm
MRN,mrn
MRO,mro
MRQ,mrq
MRR,mrr
MRS,mrs
MRT,mrt
MRU,mru
MRV,mrv
MRW,mrw
MRX,mrx
MRY,mry
MRZ,mrz
MSB,msb
MSC,msc
MSD,msd
MSE,mse
MSF,msf
MSG,msg
MSH,msh
MSI,msi
MSJ,msj
MSK,msk
MSL,msl
MSM,msm
MSN,msn
MSO,mso
MSP,msp
MSQ,msq
MSR,msr
MSS,mss
MSU,msu
MSV,msv
MSW,msw
MSX,msx
MSY,msy
MSZ,msz
MTA,mta
MTB,mtb
MTC,mtc
MTD,mtd
MTE,mte
MTF,mtf
MTG,mtg
MTH,mth
MTI,mti
MTJ,mtj
MTK,mtk
MTL,mtl
MTM,mtm
MTN,mtn
MTO,mto
MTP,mtp
MTQ,mtq
MTR,mtr
MTS,mts
MTT,mtt
MTU,mtu
MTV,mtv
MTW,mtw
MTX,mtx
MTY,mty
MUA,mua
MUB,mub
MUC,muc
MUD,mud
MUE,mue
MUG,mug
MUH,muh
MUI,mui
MUJ,muj
MUK,muk
MUM,mum
MUO,muo
MUP,mup
MUQ,muq
MUR,mur
MUS,mus
MUT,mut
MUU,muu
MUV,muv
MUX,mux
MUY,muy
MUZ,muz
MVA,mva
MVB,mvb
MVD,mvd
MVE,mve
MVF,mvf
MVG,mvg
MVH,mvh
MVI,mvi
MVK,mvk
MVL,mvl
MVN,mvn
MVO,mvo
MVP,mvp
MVQ,mvq
MVR,mvr
MVS,mvs
MVT,mvt
MVU,mvu
MVV,mvv
MVW,mvw
MVX,mvx
MVY,mvy
MVZ,mvz
MWA,mwa
MWB,mwb
MWC,mwc
MWE,mwe
MWF,mwf
MWG,mwg
MWH,mwh
MWI,mwi
MWK,mwk
MWL,mwl
MWM,mwm
MWN,mwn
MWO,mwo
MWP,mwp
MWQ,mwq
MWS,mws
MWT,mwt
MWU,mwu
MWV,mwv
MWW,mww
MWZ,mwz
MXA,mxa
MXB,mxb
MXC,mxc
MXD,mxd
MXE,mxe
MXF,mxf
MXG,mxg
MXH,mxh
MXJ,mxj
MXK,mxk
MXL,mxl
MXM,mxm
MXN,mxn
MXO,mxo
MXP,mxp
MXQ,mxq
MXR,mxr
MXS,mxs
MXT,mxt
MXU,mxu
MXV,mxv
MXW,mxw
MXX,mxx
MXY,mxy
MXZ,mxz
MYA,mya
MYB,myb
MYC,myc
MYE,mye
MYF,myf
MYG,myg
MYH,myh
MYJ,myj
MYK,myk
MYL,myl
MYM,mym
MYO,myo
MYP,myp
MYR,myr
MYS,mys
MYU,myu
MYV,myv
MYW,myw
MYX,myx
MYY,myy
MYZ,myz
MZA,mza
MZB,mzb
MZC,mzc
MZD,mzd
MZE,mze
MZH,mzh
MZI,mzi
MZJ,mzj
MZK,mzk
MZL,mzl
MZM,mzm
MZN,mzn
MZO,mzo
MZP,mzp
MZQ,mzq
MZR,mzr
MZS,mzs
MZT,mzt
MZU,mzu
MZV,mzv
MZW,mzw
MZX,mzx
MZY,mzy
MZZ,mzz
NAA,naa
NAB,nab
NAC,nac
NAE,nae
NAF,naf
NAG,nag
NAJ,naj
NAK,nak
NAL,nal
NAM,nam
NAN,nan
NAO,nao
NAP,nap
NAQ,naq
NAR,nar
NAS,nas
NAT,nat
NAU,nau
NAV,nav
NAW,naw
NAX,nax
NAY,nay
NAZ,naz
NBA,nba
NBB,nbb
NBC,nbc
NBD,nbd
NBE,nbe
NBG,nbg
NBH,nbh
NBI,nbi
NBJ,nbj
NBK,nbk
NBL,nbl
NBM,nbm
NBN,nbn
NBO,nbo
NBP,nbp
NBQ,nbq
NBR,nbr
NBS,nbs
NBT,nbt
NBU,nbu
NBV,nbv
NBW,nbw
NBY,nby
NCA,nca
NCB,ncb
NCC,ncc
NCD,ncd
NCE,nce
NCF,ncf
NCG,ncg
NCH,nch
NCJ,ncj
NCK,nck
NCL,ncl
NCM,ncm
NCN,ncn
NCO,nco
NCQ,ncq
NCR,ncr
NCS,ncs
NCT,nct
NCU,ncu
NCX,ncx
NCZ,ncz
NDA,nda
NDB,ndb
NDC,ndc
NDD,ndd
NDE,nde
NDG,ndg
NDH,ndh
NDI,ndi
NDJ,ndj
NDK,ndk
NDL,ndl
NDM,ndm
NDN,ndn
NDO,ndo
NDP,ndp
NDQ,ndq
NDR,ndr
NDS,nds
NDT,ndt
NDU,ndu
NDV,ndv
NDW,ndw
NDX,ndx
NDY,ndy
NDZ,ndz
NEA,nea
NEB,neb
NEC,nec
NED,ned
NEE,nee
NEF,nef
NEG,neg
NEH,neh
NEJ,nej
NEK,nek
NEM,nem
NEN,nen
NEO,neo
NEQ,neq
NER,ner
NES,nes
NET,net
NEV,nev
NEW,new
NEX,nex
NEY,ney
NEZ,nez
NFA,nfa
NFD,nfd
NFL,nfl
NFR,nfr
NFU,nfu
NGA,nga
NGB,ngb
NGC,ngc
NGD,ngd
NGE,nge
NGG,ngg
NGH,ngh
NGI,ngi
NGJ,ngj
NGK,ngk
NGL,ngl
NGM,ngm
NGN,ngn
NGP,ngp
NGQ,ngq
NGR,ngr
NGS,ngs
NGT,ngt
NGU,ngu
NGV,ngv
NGW,ngw
NGX,ngx
NGY,ngy
NGZ,ngz
NHA,nha
NHB,nhb
NHC,nhc
NHD,nhd
NHE,nhe
NHF,nhf
NHG,nhg
NHH,nhh
NHI,nhi
NHK,nhk
NHM,nhm
NHN,nhn
NHO,nho
NHP,nhp
NHQ,nhq
NHR,nhr
NHT,nht
NHU,nhu
NHV,nhv
NHW,nhw
NHX,nhx
NHY,nhy
NHZ,nhz
NIA,nia
NIB,nib
NID,nid
NIE,nie
NIF,nif
NIG,nig
NIH,nih
NII,nii
NIJ,nij
NIK,nik
NIL,nil
NIM,nim
NIN,nin
NIO,nio
NIQ,niq
NIR,nir
NIS,nis
NIT,nit
NIU,niu
NIV,niv
NIW,niw
NIX,nix
NIY,niy
NIZ,niz
NJA,nja
NJB,njb
NJD,njd
NJH,njh
NJI,nji
NJJ,njj
NJL,njl
NJM,njm
NJN,njn
NJO,njo
NJR,njr
NJS,njs
NJT,njt
NJU,nju
NJX,njx
NJY,njy
NJZ,njz
NKA,nka
NKB,nkb
NKC,nkc
NKD,nkd
NKE,nke
NKF,nkf
NKG,nkg
NKH,nkh
NKI,nki
NKJ,nkj
NKK,nkk
NKM,nkm
NKN,nkn
NKO,nko
NKP,nkp
NKQ,nkq
NKR,nkr
NKS,nks
NKT,nkt
NKU,nku
NKV,nkv
NKW,nkw
NKX,nkx
NKZ,nkz
NLA,nla
NLC,nlc
NLD,nld
NLE,nle
NLG,nlg
NLI,nli
NLJ,nlj
NLK,nlk
NLL,nll
NLM,nlm
NLO,nlo
NLQ,nlq
NLU,nlu
NLV,nlv
NLW,nlw
NLX,nlx
NLY,nly
NLZ,nlz
NMA,nma
NMB,nmb
NMC,nmc
NMD,nmd
NME,nme
NMF,nmf
NMG,nmg
NMH,nmh
NMI,nmi
NMJ,nmj
NMK,nmk
NML,nml
NMM,nmm
NMN,nmn
NMO,nmo
NMP,nmp
NMQ,nmq
NMR,nmr
NMS,nms
NMT,nmt
NMU,nmu
NMV,nmv
NMW,nmw
NMX,nmx
NMY,nmy
NMZ,nmz
NNA,nna
NNB,nnb
NNC,nnc
NND,nnd
NNE,nne
NNF,nnf
NNG,nng
NNH,nnh
NNI,nni
NNJ,nnj
NNK,nnk
NNL,nnl
NNM,nnm
NNN,nnn
NNP,nnp
NNQ,nnq
NNR,nnr
NNT,nnt
NNU,nnu
NNV,nnv
NNW,nnw
NNY,nny
NNZ,nnz
NOA,noa
NOC,noc
NOD,nod
NOE,noe
NOF,nof
NOG,nog
NOH,noh
NOI,noi
NOJ,noj
NOK,nok
NOL,nol
NOP,nop
NOQ,noq
NOR,nor
NOS,nos
NOT,not
NOU,nou
NOW,now
NOY,noy
NOZ,noz
NPA,npa
NPB,npb
NPG,npg
NPH,nph
NPI,npi
NPL,npl
NPN,npn
NPO,npo
NPS,nps
NPU,npu
NPX,npx
NPY,npy
NQG,nqg
NQK,nqk
NQL,nql
NQM,nqm
NQN,nqn
NQO,nqo
NQQ,nqq
NQT,nqt
NQY,nqy
NRA,nra
NRB,nrb
NRE,nre
NRF,nrf
NRG,nrg
NRI,nri
NRK,nrk
NRL,nrl
NRM,nrm
NRN,nrn
NRR,nrr
NRT,nrt
NRU,nru
NRX,nrx
NRZ,nrz
NSA,nsa
NSB,nsb
NSD,nsd
NSE,nse
NSF,nsf
NSG,nsg
NSH,nsh
NSI,nsi
NSK,nsk
NSL,nsl
NSM,nsm
NSN,nsn
NSO,nso
NSP,nsp
NSQ,nsq
NSR,nsr
NSS,nss
NST,nst
NSU,nsu
NSV,nsv
NSW,nsw
NSX,nsx
NSY,nsy
NSZ,nsz
NTD,ntd
NTG,ntg
NTI,nti
NTJ,ntj
NTK,ntk
NTM,ntm
NTO,nto
NTP,ntp
NTR,ntr
NTU,ntu
NTW,ntw
NTX,ntx
NTY,nty
NTZ,ntz
NUA,nua
NUC,nuc
NUD,nud
NUE,nue
NUF,nuf
NUG,nug
NUH,nuh
NUI,nui
NUJ,nuj
NUK,nuk
NUL,nul
NUM,num
NUN,nun
NUO,nuo
NUP,nup
NUQ,nuq
NUR,nur
NUS,nus
NUT,nut
NUU,nuu
NUV,nuv
NUW,nuw
NUX,nux
NUY,nuy
NUZ,nuz
NVH,nvh
NVM,nvm
NVO,nvo
NWA,nwa
NWB,nwb
NWE,nwe
NWG,nwg
NWI,nwi
NWM,nwm
NWO,nwo
NWR,nwr
NWW,nww
NWY,nwy
NXA,nxa
NXD,nxd
NXE,nxe
NXG,nxg
NXI,nxi
NXK,nxk
NXL,nxl
NXN,nxn
NXO,nxo
NXQ,nxq
NXR,nxr
NXX,nxx
NYA,nya
NYB,nyb
NYC,nyc
NYD,nyd
NYE,nye
NYF,nyf
NYG,nyg
NYH,nyh
NYI,nyi
NYJ,nyj
NYK,nyk
NYL,nyl
NYM,nym
NYN,nyn
NYO,nyo
NYP,nyp
NYQ,nyq
NYR,nyr
NYS,nys
NYT,nyt
NYU,nyu
NYV,nyv
NYW,nyw
NYX,nyx
NYY,nyy
NZA,nza
NZB,nzb
NZD,nzd
NZI,nzi
NZK,nzk
NZM,nzm
NZR,nzr
NZS,nzs
NZU,nzu
NZY,nzy
NZZ,nzz
OAA,oaa
OAC,oac
OBI,obi
OBK,obk
OBL,obl
OBO,obo
OBU,obu
OCA,oca
OCI,oci
OCU,ocu
ODA,oda
ODK,odk
ODU,odu
OFO,ofo
OFU,ofu
OGB,ogb
OGC,ogc
OGG,ogg
OGO,ogo
OGU,ogu
OIA,oia
OIE,oie
OIN,oin
OJB,ojb
OJC,ojc
OJG,ojg
OJS,ojs
OJV,ojv
OJW,ojw
OKA,oka
OKB,okb
OKC,okc
OKD,okd
OKE,oke
OKG,okg
OKH,okh
OKI,oki
OKJ,okj
OKK,okk
OKL,okl
OKN,okn
OKR,okr
OKS,oks
OKU,oku
OKV,okv
OKX,okx
OLA,ola
OLD,old
OLE,ole
OLK,olk
OLM,olm
OLO,olo
OLR,olr
OLU,olu
OMA,oma
OMB,omb
OMC,omc
OMG,omg
OMI,omi
OMK,omk
OML,oml
OMO,omo
OMT,omt
OMU,omu
OMW,omw
ONA,ona
ONB,onb
ONE,one
ONG,ong
ONI,oni
ONJ,onj
ONK,onk
ONN,onn
ONO,ono
ONP,onp
ONR,onr
ONS,ons
ONT,ont
ONU,onu
ONX,onx
OOD,ood
OOG,oog
OON,oon
OOR,oor
OPA,opa
OPK,opk
OPM,opm
OPO,opo
OPT,opt
OPY,opy
ORA,ora
ORC,orc
ORE,ore
ORG,org
ORH,orh
ORN,orn
ORO,oro
ORR,orr
ORS,ors
ORT,ort
ORU,oru
ORW,orw
ORX,orx
ORY,ory
ORZ,orz
OSA,osa
OSI,osi
OSO,oso
OSS,oss
OST,ost
OSU,osu
OTD,otd
OTE,ote
OTI,oti
OTL,otl
OTM,otm
OTN,otn
OTQ,otq
OTR,otr
OTS,ots
OTT,ott
OTU,otu
OTW,otw
OTX,otx
OTZ,otz
OUA,oua
OUB,oub
OUE,oue
OUM,oum
OVD,ovd
OWI,owi
OYB,oyb
OYD,oyd
OYM,oym
OYY,oyy
OZM,ozm
PAB,pab
PAC,pac
PAD,pad
PAE,pae
PAF,paf
PAG,pag
PAH,pah
PAI,pai
PAK,pak
PAM,pam
PAN,pan
PAO,pao
PAP,pap
PAQ,paq
PAR,par
PAS,pas
PAU,pau
PAV,pav
PAW,paw
PAX,pax
PAY,pay
PAZ,paz
PBB,pbb
PBC,pbc
PBE,pbe
PBF,pbf
PBG,pbg
PBH,pbh
PBI,pbi
PBL,pbl
PBM,pbm
PBN,pbn
PBO,pbo
PBP,pbp
PBR,pbr
PBS,pbs
PBT,pbt
PBU,pbu
PBV,pbv
PBY,pby
PCA,pca
PCB,pcb
PCC,pcc
PCD,pcd
PCE,pce
PCF,pcf
PCG,pcg
PCH,pch
PCI,pci
PCJ,pcj
PCK,pck
PCL,pcl
PCM,pcm
PCN,pcn
PCP,pcp
PCW,pcw
PDA,pda
PDC,pdc
PDI,pdi
PDN,pdn
PDO,pdo
PDT,pdt
PDU,pdu
PEA,pea
PEB,peb
PED,ped
PEE,pee
PEF,pef
PEG,peg
PEH,peh
PEI,pei
PEJ,pej
PEK,pek
PEL,pel
PEM,pem
PEP,pep
PEQ,peq
PES,pes
PEV,pev
PEX,pex
PEY,pey
PEZ,pez
PFA,pfa
PFE,pfe
PFL,pfl
PGA,pga
PGG,pgg
PGI,pgi
PGK,pgk
PGS,pgs
PGU,pgu
PGZ,pgz
PHA,pha
PHD,phd
PHG,phg
PHH,phh
PHJ,phj
PHK,phk
PHL,phl
PHM,phm
PHO,pho
PHQ,phq
PHR,phr
PHT,pht
PHU,phu
PHV,phv
PHW,phw
PIA,pia
PIB,pib
PIC,pic
PID,pid
PIE,pie
PIF,pif
PIG,pig
PIH,pih
PIJ,pij
PIL,pil
PIM,pim
PIN,pin
PIO,pio
PIP,pip
PIR,pir
PIS,pis
PIT,pit
PIU,piu
PIV,piv
PIW,piw
PIX,pix
PIY,piy
PIZ,piz
PJT,pjt
PKB,pkb
PKG,pkg
PKH,pkh
PKN,pkn
PKO,pko
PKP,pkp
PKR,pkr
PKS,pks
PKT,pkt
PKU,pku
PLA,pla
PLB,plb
PLC,plc
PLD,pld
PLE,ple
PLG,plg
PLH,plh
PLI,pli
PLK,plk
PLL,pll
PLN,pln
PLO,plo
PLR,plr
PLS,pls
PLT,plt
PLU,plu
PLV,plv
PLW,plw
PLY,ply
PLZ,plz
PMA,pma
PMB,pmb
PMD,pmd
PME,pme
PMF,pmf
PMI,pmi
PMJ,pmj
PML,pml
PMM,pmm
PMN,pmn
PMO,pmo
PMQ,pmq
PMR,pmr
PMS,pms
PMT,pmt
PMW,pmw
PMX,pmx
PMY,pmy
PMZ,pmz
PNA,pna
PNB,pnb
PNC,pnc
PND,pnd
PNE,pne
PNG,png
PNH,pnh
PNI,pni
PNJ,pnj
PNK,pnk
PNL,pnl
PNM,pnm
PNN,pnn
PNO,pno
PNP,pnp
PNQ,pnq
PNR,pnr
PNS,pns
PNT,pnt
PNU,pnu
PNV,pnv
PNW,pnw
PNX,pnx
PNY,pny
PNZ,pnz
POC,poc
POE,poe
POF,pof
POG,pog
POH,poh
POI,poi
POK,pok
POL,pol
POM,pom
PON,pon
POO,poo
POP,pop
POQ,poq
POR,por
POS,pos
POT,pot
POV,pov
POW,pow
POX,pox
POY,poy
PPE,ppe
PPI,ppi
PPK,ppk
PPL,ppl
PPM,ppm
PPN,ppn
PPO,ppo
PPP,ppp
PPQ,ppq
PPS,pps
PPT,ppt
PPU,ppu
PQA,pqa
PQM,pqm
PRC,prc
PRD,prd
PRE,pre
PRF,prf
PRG,prg
PRH,prh
PRI,pri
PRK,prk
PRL,prl
PRM,prm
PRN,prn
PRQ,prq
PRR,prr
PRS,prs
PRT,prt
PRU,pru
PRW,prw
PRX,prx
PRZ,prz
PSA,psa
PSC,psc
PSD,psd
PSE,pse
PSG,psg
PSH,psh
PSI,psi
PSL,psl
PSM,psm
PSN,psn
PSO,pso
PSP,psp
PSQ,psq
PSR,psr
PSS,pss
PST,pst
PSW,psw
PSY,psy
PTA,pta
PTH,pth
PTI,pti
PTN,ptn
PTO,pto
PTP,ptp
PTQ,ptq
PTR,ptr
PTT,ptt
PTU,ptu
PTV,ptv
PTW,ptw
PTY,pty
PUA,pua
PUB,pub
PUC,puc
PUD,pud
PUE,pue
PUF,puf
PUG,pug
PUI,pui
PUJ,puj
PUM,pum
PUO,puo
PUP,pup
PUQ,puq
PUR,pur
PUT,put
PUU,puu
PUW,puw
PUX,pux
PUY,puy
PWA,pwa
PWB,pwb
PWG,pwg
PWI,pwi
PWM,pwm
PWN,pwn
PWO,pwo
PWR,pwr
PWW,pww
PXM,pxm
PYE,pye
PYM,pym
PYN,pyn
PYS,pys
PYU,pyu
PYY,pyy
PZE,pze
PZH,pzh
PZN,pzn
QUA,qua
QUB,qub
QUC,quc
QUD,qud
QUF,quf
QUG,qug
QUH,quh
QUI,qui
QUK,quk
QUL,qul
QUM,qum
QUN,qun
QUP,qup
QUQ,quq
QUR,qur
QUS,qus
QUV,quv
QUW,quw
QUX,qux
QUY,quy
QUZ,quz
QVA,qva
QVC,qvc
QVE,qve
QVH,qvh
QVI,qvi
QVJ,qvj
QVL,qvl
QVM,qvm
QVN,qvn
QVO,qvo
QVP,qvp
QVS,qvs
QVW,qvw
QVY,qvy
QVZ,qvz
QWA,qwa
QWH,qwh
QWM,qwm
QWS,qws
QWT,qwt
QXA,qxa
QXC,qxc
QXH,qxh
QXL,qxl
QXN,qxn
QXO,qxo
QXP,qxp
QXQ,qxq
QXR,qxr
QXS,qxs
QXT,qxt
QXU,qxu
QXW,qxw
QYP,qyp
RAA,raa
RAB,rab
RAC,rac
RAD,rad
RAF,raf
RAG,rag
RAH,rah
RAI,rai
RAK,rak
RAL,ral
RAM,ram
RAN,ran
RAO,rao
RAP,rap
RAQ,raq
RAR,rar
RAS,ras
RAT,rat
RAU,rau
RAV,rav
RAW,raw
RAX,rax
RAY,ray
RAZ,raz
RBB,rbb
RBK,rbk
RBL,rbl
RBP,rbp
RCF,rcf
RDB,rdb
REA,rea
REB,reb
REE,ree
REG,reg
REI,rei
REJ,rej
REL,rel
REM,rem
REN,ren
RER,rer
RES,res
RET,ret
REY,rey
RGA,rga
RGE,rge
RGK,rgk
RGN,rgn
RGR,rgr
RGS,rgs
RGU,rgu
RHG,rhg
RHP,rhp
RIA,ria
RIB,rib
RIF,rif
RIL,ril
RIM,rim
RIN,rin
RIR,rir
RIT,rit
RIU,riu
RJG,rjg
RJI,rji
RJS,rjs
RKA,rka
RKB,rkb
RKH,rkh
RKI,rki
RKM,rkm
RKT,rkt
RKW,rkw
RMA,rma
RMB,rmb
RMC,rmc
RMD,rmd
RME,rme
RMF,rmf
RMG,rmg
RMH,rmh
RMI,rmi
RMK,rmk
RML,rml
RMM,rmm
RMN,rmn
RMO,rmo
RMP,rmp
RMQ,rmq
RMS,rms
RMT,rmt
RMU,rmu
RMW,rmw
RMX,rmx
RMY,rmy
RMZ,rmz
RNB,rnb
RND,rnd
RNG,rng
RNL,rnl
RNN,rnn
RNP,rnp
RNR,rnr
RNW,rnw
ROB,rob
ROC,roc
ROD,rod
ROE,roe
ROF,rof
ROG,rog
ROH,roh
ROL,rol
RON,ron
ROO,roo
ROP,rop
ROR,ror
ROU,rou
ROW,row
RPN,rpn
RPT,rpt
RRI,rri
RRM,rrm
RRO,rro
RRT,rrt
RSB,rsb
RSK,rsk
RSL,rsl
RSM,rsm
RSN,rsn
RSW,rsw
RTC,rtc
RTH,rth
RTM,rtm
RTS,rts
RTW,rtw
RUB,rub
RUC,ruc
RUE,rue
RUF,ruf
RUG,rug
RUH,ruh
RUK,ruk
RUN,run
RUO,ruo
RUP,rup
RUQ,ruq
RUS,rus
RUT,rut
RUU,ruu
RUY,ruy
RUZ,ruz
RWA,rwa
RWK,rwk
RWL,rwl
RWM,rwm
RWO,rwo
RWR,rwr
RXD,rxd
RXW,rxw
RYN,ryn
RYS,rys
RYU,ryu
RZH,rzh
SAA,saa
SAB,sab
SAC,sac
SAD,sad
SAE,sae
SAF,saf
SAG,sag
SAH,sah
SAJ,saj
SAK,sak
SAM,sam
SAN,san
SAO,sao
SAQ,saq
SAR,sar
SAS,sas
SAT,sat
SAU,sau
SAV,sav
SAW,saw
SAX,sax
SAY,say
SAZ,saz
SBA,sba
SBB,sbb
SBC,sbc
SBD,sbd
SBE,sbe
SBF,sbf
SBG,sbg
SBH,sbh
SBI,sbi
SBJ,sbj
SBK,sbk
SBL,sbl
SBM,sbm
SBN,sbn
SBO,sbo
SBP,sbp
SBQ,sbq
SBR,sbr
SBS,sbs
SBT,sbt
SBU,sbu
SBW,sbw
SBX,sbx
SBY,sby
SBZ,sbz
SCB,scb
SCE,sce
SCF,scf
SCG,scg
SCH,sch
SCI,sci
SCK,sck
SCL,scl
SCN,scn
SCO,sco
SCP,scp
SCQ,scq
SCS,scs
SCT,sct
SCU,scu
SCV,scv
SCW,scw
SDA,sda
SDB,sdb
SDC,sdc
SDE,sde
SDF,sdf
SDG,sdg
SDH,sdh
SDJ,sdj
SDK,sdk
SDL,sdl
SDN,sdn
SDO,sdo
SDP,sdp
SDQ,sdq
SDR,sdr
SDS,sds
SDT,sdt
SDU,sdu
SDX,sdx
SDZ,sdz
SEA,sea
SEB,seb
SEC,sec
SED,sed
SEE,see
SEF,sef
SEG,seg
SEH,seh
SEI,sei
SEJ,sej
SEK,sek
SEL,sel
SEN,sen
SEO,seo
SEP,sep
SEQ,seq
SER,ser
SES,ses
SET,set
SEU,seu
SEV,sev
SEW,sew
SEY,sey
SEZ,sez
SFB,sfb
SFE,sfe
SFM,sfm
SFS,sfs
SFW,sfw
SGB,sgb
SGC,sgc
SGD,sgd
SGE,sge
SGG,sgg
SGH,sgh
SGI,sgi
SGJ,sgj
SGK,sgk
SGM,sgm
SGP,sgp
SGR,sgr
SGS,sgs
SGT,sgt
SGU,sgu
SGW,sgw
SGX,sgx
SGY,sgy
SGZ,sgz
SHA,sha
SHB,shb
SHC,shc
SHD,shd
SHE,she
SHG,shg
SHH,shh
SHI,shi
SHJ,shj
SHK,shk
SHL,shl
SHM,shm
SHN,shn
SHO,sho
SHP,shp
SHQ,shq
SHR,shr
SHS,shs
SHT,sht
SHU,shu
SHV,shv
SHW,shw
SHX,shx
SHY,shy
SHZ,shz
SIA,sia
SIB,sib
SID,sid
SIE,sie
SIF,sif
SIG,sig
SIH,sih
SII,sii
SIJ,sij
SIK,sik
SIL,sil
SIM,sim
SIN,sin
SIP,sip
SIQ,siq
SIR,sir
SIS,sis
SIU,siu
SIV,siv
SIW,siw
SIX,six
SIY,siy
SIZ,siz
SJA,sja
SJB,sjb
SJC,sjc
SJD,sjd
SJE,sje
SJG,sjg
SJK,sjk
SJL,sjl
SJM,sjm
SJO,sjo
SJP,sjp
SJR,sjr
SJS,sjs
SJT,sjt
SJU,sju
SJW,sjw
SKA,ska
SKB,skb
SKC,skc
SKD,skd
SKE,ske
SKF,skf
SKG,skg
SKH,skh
SKI,ski
SKJ,skj
SKM,skm
SKN,skn
SKO,sko
SKP,skp
SKQ,skq
SKR,skr
SKS,sks
SKT,skt
SKU,sku
SKV,skv
SKW,skw
SKX,skx
SKY,sky
SKZ,skz
SLC,slc
SLD,sld
SLE,sle
SLF,slf
SLG,slg
SLH,slh
SLI,sli
SLJ,slj
SLK,slk
SLL,sll
SLM,slm
SLN,sln
SLP,slp
SLR,slr
SLS,sls
SLT,slt
SLU,slu
SLV,slv
SLW,slw
SLX,slx
SLY,sly
SLZ,slz
SMA,sma
SMB,smb
SMC,smc
SME,sme
SMF,smf
SMG,smg
SMH,smh
SMJ,smj
SMK,smk
SML,sml
SMM,smm
SMN,smn
SMO,smo
SMP,smp
SMQ,smq
SMR,smr
SMS,sms
SMT,smt
SMU,smu
SMV,smv
SMW,smw
SMX,smx
SMY,smy
SMZ,smz
SNA,sna
SNC,snc
SND,snd
SNE,sne
SNF,snf
SNG,sng
SNI,sni
SNJ,snj
SNK,snk
SNL,snl
SNM,snm
SNN,snn
SNO,sno
SNP,snp
SNQ,snq
SNR,snr
SNS,sns
SNU,snu
SNV,snv
SNW,snw
SNX,snx
SNY,sny
SNZ,snz
SOA,soa
SOB,sob
SOC,soc
SOD,sod
SOE,soe
SOH,soh
SOI,soi
SOJ,soj
SOK,sok
SOL,sol
SOM,som
SOO,soo
SOP,sop
SOQ,soq
SOR,sor
SOS,sos
SOT,sot
SOU,sou
SOV,sov
SOW,sow
SOX,sox
SOY,soy
SOZ,soz
SPA,spa
SPB,spb
SPC,spc
SPD,spd
SPE,spe
SPG,spg
SPI,spi
SPK,spk
SPL,spl
SPM,spm
SPN,spn
SPO,spo
SPP,spp
SPQ,spq
SPR,spr
SPS,sps
SPT,spt
SPU,spu
SPV,spv
SPY,spy
SQA,sqa
SQH,sqh
SQK,sqk
SQM,sqm
SQN,sqn
SQO,sqo
SQQ,sqq
SQS,sqs
SQT,sqt
SQU,squ
SQX,sqx
SRA,sra
SRB,srb
SRC,src
SRE,sre
SRF,srf
SRG,srg
SRH,srh
SRI,sri
SRK,srk
SRL,srl
SRM,srm
SRN,srn
SRO,sro
SRP,srp
SRQ,srq
SRR,srr
SRS,srs
SRT,srt
SRU,sru
SRV,srv
SRW,srw
SRX,srx
SRY,sry
SRZ,srz
SSB,ssb
SSC,ssc
SSD,ssd
SSE,sse
SSF,ssf
SSG,ssg
SSH,ssh
SSI,ssi
SSJ,ssj
SSK,ssk
SSL,ssl
SSM,ssm
SSN,ssn
SSO,sso
SSP,ssp
SSQ,ssq
SSR,ssr
SSS,sss
SST,sst
SSU,ssu
SSV,ssv
SSW,ssw
SSX,ssx
SSY,ssy
SSZ,ssz
STA,sta
STB,stb
STD,std
STE,ste
STF,stf
STG,stg
STH,sth
STI,sti
STJ,stj
STK,stk
STL,stl
STM,stm
STN,stn
STO,sto
STP,stp
STQ,stq
STR,str
STS,sts
STT,stt
STU,stu
STV,stv
STW,stw
STY,sty
SUA,sua
SUB,sub
SUC,suc
SUE,sue
SUG,sug
SUI,sui
SUJ,suj
SUK,suk
SUN,sun
SUO,suo
SUQ,suq
SUR,sur
SUS,sus
SUT,sut
SUV,suv
SUW,suw
SUY,suy
SUZ,suz
SVA,sva
SVB,svb
SVC,svc
SVE,sve
SVK,svk
SVM,svm
SVS,svs
SWB,swb
SWC,swc
SWE,swe
SWF,swf
SWG,swg
SWH,swh
SWI,swi
SWJ,swj
SWK,swk
SWL,swl
SWM,swm
SWN,swn
SWO,swo
SWP,swp
SWQ,swq
SWR,swr
SWS,sws
SWT,swt
SWU,swu
SWV,swv
SWW,sww
SWX,swx
SWY,swy
SXB,sxb
SXE,sxe
SXG,sxg
SXK,sxk
SXM,sxm
SXN,sxn
SXR,sxr
SXS,sxs
SXU,sxu
SXW,sxw
SYA,sya
SYB,syb
SYC,syc
SYI,syi
SYK,syk
SYL,syl
SYM,sym
SYN,syn
SYO,syo
SYS,sys
SYW,syw
SYX,syx
SYY,syy
SZA,sza
SZB,szb
SZC,szc
SZE,sze
SZG,szg
SZL,szl
SZN,szn
SZP,szp
SZS,szs
SZV,szv
SZW,szw
SZY,szy
TAA,taa
TAB,tab
TAC,tac
TAD,tad
TAE,tae
TAF,taf
TAG,tag
TAH,tah
TAJ,taj
TAK,tak
TAL,tal
TAM,tam
TAN,tan
TAO,tao
TAP,tap
TAQ,taq
TAR,tar
TAS,tas
TAT,tat
TAU,tau
TAV,tav
TAW,taw
TAX,tax
TAY,tay
TAZ,taz
TBA,tba
TBC,tbc
TBD,tbd
TBE,tbe
TBF,tbf
TBG,tbg
TBH,tbh
TBI,tbi
TBJ,tbj
TBK,tbk
TBL,tbl
TBM,tbm
TBN,tbn
TBO,tbo
TBP,tbp
TBR,tbr
TBS,tbs
TBT,tbt
TBU,tbu
TBV,tbv
TBW,tbw
TBX,tbx
TBY,tby
TBZ,tbz
TCA,tca
TCB,tcb
TCC,tcc
TCD,tcd
TCE,tce
TCF,tcf
TCG,tcg
TCH,tch
TCI,tci
TCK,tck
TCL,tcl
TCM,tcm
TCN,tcn
TCO,tco
TCP,tcp
TCQ,tcq
TCS,tcs
TCT,tct
TCU,tcu
TCW,tcw
TCX,tcx
TCY,tcy
TCZ,tcz
TDA,tda
TDB,tdb
TDC,tdc
TDD,tdd
TDE,tde
TDF,tdf
TDG,tdg
TDH,tdh
TDI,tdi
TDJ,tdj
TDK,tdk
TDL,tdl
TDM,tdm
TDN,tdn
TDO,tdo
TDQ,tdq
TDR,tdr
TDS,tds
TDT,tdt
TDV,tdv
TDX,tdx
TDY,tdy
TEA,tea
TEB,teb
TEC,tec
TED,ted
TEE,tee
TEF,tef
TEG,teg
TEH,teh
TEI,tei
TEK,tek
TEL,tel
TEM,tem
TEN,ten
TEO,teo
TEP,tep
TEQ,teq
TER,ter
TES,tes
TET,tet
TEU,teu
TEV,tev
TEW,tew
TEX,tex
TEY,tey
TEZ,tez
TFI,tfi
TFN,tfn
TFO,tfo
TFR,tfr
TFT,tft
TGA,tga
TGB,tgb
TGC,tgc
TGD,tgd
TGE,tge
TGF,tgf
TGH,tgh
TGI,tgi
TGJ,tgj
TGK,tgk
TGL,tgl
TGN,tgn
TGO,tgo
TGP,tgp
TGQ,tgq
TGR,tgr
TGS,tgs
TGT,tgt
TGU,tgu
TGV,tgv
TGW,tgw
TGX,tgx
TGY,tgy
TGZ,tgz
THA,tha
THD,thd
THE,the
THF,thf
THH,thh
THI,thi
THK,thk
THL,thl
THM,thm
THN,thn
THP,thp
THQ,thq
THR,thr
THS,ths
THT,tht
THU,thu
THV,thv
THY,thy
THZ,thz
TIA,tia
TIC,tic
TIF,tif
TIG,tig
TIH,tih
TII,tii
TIJ,tij
TIK,tik
TIL,til
TIM,tim
TIN,tin
TIO,tio
TIP,tip
TIQ,tiq
TIR,tir
TIS,tis
TIT,tit
TIU,tiu
TIV,tiv
TIW,tiw
TIX,tix
TIY,tiy
TIZ,tiz
TJA,tja
TJG,tjg
TJI,tji
TJJ,tjj
TJL,tjl
TJM,tjm
TJN,tjn
TJO,tjo
TJP,tjp
TJS,tjs
TJU,tju
TJW,tjw
TKA,tka
TKB,tkb
TKD,tkd
TKE,tke
TKF,tkf
TKG,tkg
TKL,tkl
TKM,tkm
TKN,tkn
TKP,tkp
TKQ,tkq
TKR,tkr
TKS,tks
TKT,tkt
TKU,tku
TKV,tkv
TKW,tkw
TKX,tkx
TKZ,tkz
TLA,tla
TLB,tlb
TLC,tlc
TLD,tld
TLF,tlf
TLG,tlg
TLI,tli
TLJ,tlj
TLK,tlk
TLL,tll
TLM,tlm
TLN,tln
TLO,tlo
TLP,tlp
TLQ,tlq
TLR,tlr
TLS,tls
TLT,tlt
TLU,tlu
TLV,tlv
TLX,tlx
TLY,tly
TMA,tma
TMB,tmb
TMC,tmc
TMD,tmd
TME,tme
TMF,tmf
TMG,tmg
TMI,tmi
TMJ,tmj
TML,tml
TMM,tmm
TMN,tmn
TMO,tmo
TMQ,tmq
TMR,tmr
TMS,tms
TMT,tmt
TMU,tmu
TMV,tmv
TMW,tmw
TMY,tmy
TMZ,tmz
TNA,tna
TNB,tnb
TNC,tnc
TND,tnd
TNG,tng
TNH,tnh
TNI,tni
TNK,tnk
TNL,tnl
TNM,tnm
TNN,tnn
TNO,tno
TNP,tnp
TNQ,tnq
TNR,tnr
TNS,tns
TNT,tnt
TNU,tnu
TNV,tnv
TNW,tnw
TNX,tnx
TNY,tny
TNZ,tnz
TOB,tob
TOC,toc
TOD,tod
TOF,tof
TOG,tog
TOH,toh
TOI,toi
TOJ,toj
TOL,tol
TOM,tom
TON,ton
TOO,too
TOP,top
TOQ,toq
TOR,tor
TOS,tos
TOU,tou
TOV,tov
TOW,tow
TOX,tox
TOY,toy
TOZ,toz
TPA,tpa
TPC,tpc
TPE,tpe
TPF,tpf
TPG,tpg
TPI,tpi
TPJ,tpj
TPK,tpk
TPL,tpl
TPM,tpm
TPN,tpn
TPO,tpo
TPP,tpp
TPQ,tpq
TPR,tpr
TPT,tpt
TPU,tpu
TPV,tpv
TPX,tpx
TPY,tpy
TPZ,tpz
TQB,tqb
TQL,tql
TQM,tqm
TQN,tqn
TQO,tqo
TQP,tqp
TQQ,tqq
TQR,tqr
TQT,tqt
TQU,tqu
TQW,tqw
TRA,tra
TRB,trb
TRC,trc
TRD,trd
TRE,tre
TRF,trf
TRG,trg
TRH,trh
TRI,tri
TRJ,trj
TRL,trl
TRM,trm
TRN,trn
TRO,tro
TRP,trp
TRQ,trq
TRR,trr
TRS,trs
TRT,trt
TRU,tru
TRV,trv
TRW,trw
TRX,trx
TRY,try
TRZ,trz
TSA,tsa
TSB,tsb
TSC,tsc
TSD,tsd
TSE,tse
TSG,tsg
TSH,tsh
TSI,tsi
TSJ,tsj
TSK,tsk
TSL,tsl
TSM,tsm
TSN,tsn
TSO,tso
TSP,tsp
TSQ,tsq
TSR,tsr
TSS,tss
TST,tst
TSU,tsu
TSV,tsv
TSW,tsw
TSX,tsx
TSY,tsy
TSZ,tsz
TTA,tta
TTB,ttb
TTC,ttc
TTD,ttd
TTE,tte
TTF,ttf
TTG,ttg
TTH,tth
TTI,tti
TTJ,ttj
TTK,ttk
TTL,ttl
TTM,ttm
TTN,ttn
TTO,tto
TTP,ttp
TTQ,ttq
TTR,ttr
TTS,tts
TTT,ttt
TTU,ttu
TTV,ttv
TTW,ttw
TTY,tty
TTZ,ttz
TUA,tua
TUB,tub
TUC,tuc
TUD,tud
TUE,tue
TUF,tuf
TUG,tug
TUH,tuh
TUI,tui
TUJ,tuj
TUK,tuk
TUL,tul
TUM,tum
TUN,tun
TUO,tuo
TUQ,tuq
TUR,tur
TUS,tus
TUU,tuu
TUV,tuv
TUX,tux
TUY,tuy
TUZ,tuz
TVA,tva
TVD,tvd
TVE,tve
TVI,tvi
TVK,tvk
TVL,tvl
TVM,tvm
TVN,tvn
TVO,tvo
TVS,tvs
TVT,tvt
TVU,tvu
TVW,tvw
TVX,tvx
TVY,tvy
TWA,twa
TWB,twb
TWC,twc
TWD,twd
TWE,twe
TWF,twf
TWG,twg
TWH,twh
TWL,twl
TWM,twm
TWN,twn
TWO,two
TWP,twp
TWQ,twq
TWR,twr
TWT,twt
TWU,twu
TWW,tww
TWX,twx
TWY,twy
TXA,txa
TXC,txc
TXE,txe
TXI,txi
TXJ,txj
TXM,txm
TXN,txn
TXO,txo
TXQ,txq
TXS,txs
TXT,txt
TXU,txu
TXX,txx
TXY,txy
TYA,tya
TYE,tye
TYH,tyh
TYI,tyi
TYJ,tyj
TYL,tyl
TYN,tyn
TYP,typ
TYR,tyr
TYS,tys
TYT,tyt
TYU,tyu
TYV,tyv
TYX,tyx
TYY,tyy
TYZ,tyz
TZA,tza
TZH,tzh
TZJ,tzj
TZM,tzm
TZN,tzn
TZO,tzo
TZX,tzx
UAM,uam
UAN,uan
UAR,uar
UBA,uba
UBI,ubi
UBL,ubl
UBR,ubr
UBU,ubu
UBY,uby
UDA,uda
UDE,ude
UDG,udg
UDI,udi
UDJ,udj
UDL,udl
UDM,udm
UDU,udu
UES,ues
UFI,ufi
UGB,ugb
UGE,uge
UGH,ugh
UGN,ugn
UGO,ugo
UGY,ugy
UHA,uha
UHN,uhn
UIG,uig
UIS,uis
UIV,uiv
UJI,uji
UKA,uka
UKG,ukg
UKH,ukh
UKI,uki
UKK,ukk
UKL,ukl
UKP,ukp
UKQ,ukq
UKR,ukr
UKS,uks
UKU,uku
UKV,ukv
UKW,ukw
UKY,uky
ULA,ula
ULB,ulb
ULC,ulc
ULE,ule
ULF,ulf
ULI,uli
ULK,ulk
ULL,ull
ULM,ulm
ULN,uln
ULU,ulu
ULW,ulw
ULY,uly
UMA,uma
UMB,umb
UMD,umd
UMG,umg
UMI,umi
UMM,umm
UMN,umn
UMO,umo
UMP,ump
UMR,umr
UMS,ums
UMU,umu
UNA,una
UNE,une
UNG,ung
UNI,uni
UNK,unk
UNM,unm
UNN,unn
UNR,unr
UNU,unu
UNX,unx
UNZ,unz
UON,uon
UPI,upi
UPV,upv
URA,ura
URB,urb
URC,urc
URD,urd
URE,ure
URF,urf
URG,urg
URH,urh
URI,uri
URK,urk
URL,url
URM,urm
URN,urn
URO,uro
URP,urp
URR,urr
URT,urt
URU,uru
URV,urv
URW,urw
URX,urx
URY,ury
URZ,urz
USA,usa
USH,ush
USI,usi
USK,usk
USP,usp
USS,uss
USU,usu
UTA,uta
UTE,ute
UTH,uth
UTP,utp
UTR,utr
UTU,utu
UUM,uum
UUR,uur
UUU,uuu
UVE,uve
UVH,uvh
UVL,uvl
UWA,uwa
UYA,uya
UZN,uzn
UZS,uzs
VAA,vaa
VAE,vae
VAF,vaf
VAG,vag
VAH,vah
VAI,vai
VAJ,vaj
VAL,val
VAM,vam
VAN,van
VAO,vao
VAP,vap
VAR,var
VAS,vas
VAU,vau
VAV,vav
VAY,vay
VBB,vbb
VBK,vbk
VEC,vec
VED,ved
VEL,vel
VEM,vem
VEN,ven
VEO,veo
VEP,vep
VER,ver
VGR,vgr
VGT,vgt
VIC,vic
VID,vid
VIE,vie
VIF,vif
VIG,vig
VIL,vil
VIS,vis
VIT,vit
VIV,viv
VJK,vjk
VKA,vka
VKJ,vkj
VKK,vkk
VKL,vkl
VKM,vkm
VKN,vkn
VKO,vko
VKP,vkp
VKT,vkt
VKU,vku
VKZ,vkz
VLP,vlp
VLS,vls
VMA,vma
VMB,vmb
VMC,vmc
VMD,vmd
VME,vme
VMF,vmf
VMG,vmg
VMH,vmh
VMI,vmi
VMJ,vmj
VMK,vmk
VML,vml
VMM,vmm
VMP,vmp
VMQ,vmq
VMR,vmr
VMS,vms
VMU,vmu
VMV,vmv
VMW,vmw
VMX,vmx
VMY,vmy
VMZ,vmz
VNK,vnk
VNM,vnm
VNP,vnp
VOR,vor
VOT,vot
VRA,vra
VRO,vro
VRS,vrs
VRT,vrt
VSI,vsi
VSL,vsl
VSV,vsv
VTO,vto
VUM,vum
VUN,vun
VUT,vut
VWA,vwa
WAA,waa
WAB,wab
WAC,wac
WAD,wad
WAE,wae
WAF,waf
WAG,wag
WAH,wah
WAI,wai
WAJ,waj
WAL,wal
WAM,wam
WAN,wan
WAO,wao
WAP,wap
WAQ,waq
WAR,war
WAS,was
WAT,wat
WAU,wau
WAV,wav
WAW,waw
WAX,wax
WAY,way
WAZ,waz
WBA,wba
WBB,wbb
WBE,wbe
WBF,wbf
WBH,wbh
WBI,wbi
WBJ,wbj
WBK,wbk
WBL,wbl
WBM,wbm
WBP,wbp
WBQ,wbq
WBR,wbr
WBS,wbs
WBT,wbt
WBV,wbv
WBW,wbw
WCA,wca
WCI,wci
WDD,wdd
WDG,wdg
WDJ,wdj
WDK,wdk
WDT,wdt
WDU,wdu
WDY,wdy
WEA,wea
WEC,wec
WED,wed
WEG,weg
WEH,weh
WEI,wei
WEM,wem
WEO,weo
WEP,wep
WER,wer
WES,wes
WET,wet
WEU,weu
WEW,wew
WFG,wfg
WGA,wga
WGB,wgb
WGG,wgg
WGI,wgi
WGO,wgo
WGU,wgu
WGY,wgy
WHA,wha
WHG,whg
WHK,whk
WHU,whu
WIB,wib
WIC,wic
WIE,wie
WIF,wif
WIG,wig
WIH,wih
WII,wii
WIJ,wij
WIK,wik
WIL,wil
WIM,wim
WIN,win
WIR,wir
WIU,wiu
WIV,wiv
WIY,wiy
WJA,wja
WJI,wji
WKA,wka
WKB,wkb
WKD,wkd
WKL,wkl
WKR,wkr
WKU,wku
WKW,wkw
WKY,wky
WLA,wla
WLC,wlc
WLE,wle
WLG,wlg
WLH,wlh
WLI,wli
WLK,wlk
WLL,wll
WLN,wln
WLO,wlo
WLR,wlr
WLS,wls
WLU,wlu
WLV,wlv
WLW,wlw
WLX,wlx
WMB,wmb
WMC,wmc
WMD,wmd
WME,wme
WMG,wmg
WMH,wmh
WMI,wmi
WMM,wmm
WMN,wmn
WMO,wmo
WMS,wms
WMT,wmt
WMW,wmw
WMX,wmx
WNB,wnb
WNC,wnc
WND,wnd
WNE,wne
WNG,wng
WNI,wni
WNK,wnk
WNM,wnm
WNN,wnn
WNO,wno
WNP,wnp
WNU,wnu
WNW,wnw
WNY,wny
WOA,woa
WOB,wob
WOC,woc
WOD,wod
WOE,woe
WOF,wof
WOG,wog
WOI,woi
WOK,wok
WOL,wol
WOM,wom
WON,won
WOO,woo
WOR,wor
WOS,wos
WOW,wow
WOY,woy
WPC,wpc
WRB,wrb
WRG,wrg
WRH,wrh
WRI,wri
WRK,wrk
WRL,wrl
WRM,wrm
WRN,wrn
WRO,wro
WRP,wrp
WRR,wrr
WRS,wrs
WRU,wru
WRV,wrv
WRW,wrw
WRX,wrx
WRY,wry
WRZ,wrz
WSA,wsa
WSG,wsg
WSI,wsi
WSK,wsk
WSR,wsr
WSS,wss
WSU,wsu
WSV,wsv
WTB,wtb
WTF,wtf
WTH,wth
WTI,wti
WTK,wtk
WTM,wtm
WTW,wtw
WUA,wua
WUB,wub
WUD,wud
WUH,wuh
WUL,wul
WUM,wum
WUN,wun
WUT,wut
WUU,wuu
WUV,wuv
WUX,wux
WUY,wuy
WWA,wwa
WWB,wwb
WWO,wwo
WWR,wwr
WWW,www
WXA,wxa
WXW,wxw
WYB,wyb
WYI,wyi
WYM,wym
WYN,wyn
WYR,wyr
WYY,wyy
XAB,xab
XAC,xac
XAD,xad
XAI,xai
XAJ,xaj
XAK,xak
XAL,xal
XAM,xam
XAN,xan
XAO,xao
XAP,xap
XAR,xar
XAS,xas
XAT,xat
XAU,xau
XAV,xav
XAW,xaw
XAY,xay
XBB,xbb
XBD,xbd
XBE,xbe
XBG,xbg
XBI,xbi
XBJ,xbj
XBN,xbn
XBP,xbp
XBR,xbr
XBW,xbw
XBY,xby
XCH,xch
XCM,xcm
XCN,xcn
XCV,xcv
XCW,xcw
XCY,xcy
XDA,xda
XDK,xdk
XDO,xdo
XDQ,xdq
XDY,xdy
XED,xed
XEG,xeg
XEL,xel
XEM,xem
XER,xer
XES,xes
XET,xet
XEU,xeu
XGB,xgb
XGD,xgd
XGF,xgf
XGG,xgg
XGI,xgi
XGM,xgm
XGR,xgr
XGU,xgu
XGW,xgw
XHE,xhe
XHO,xho
XHV,xhv
XII,xii
XIN,xin
XIR,xir
XIS,xis
XIY,xiy
XJB,xjb
XJT,xjt
XKA,xka
XKB,xkb
XKC,xkc
XKD,xkd
XKE,xke
XKF,xkf
XKG,xkg
XKI,xki
XKJ,xkj
XKK,xkk
XKL,xkl
XKN,xkn
XKO,xko
XKP,xkp
XKQ,xkq
XKR,xkr
XKS,xks
XKT,xkt
XKU,xku
XKV,xkv
XKW,xkw
XKX,xkx
XKY,xky
XKZ,xkz
XLA,xla
XLB,xlb
XLO,xlo
XMA,xma
XMB,xmb
XMC,xmc
XMD,xmd
XMF,xmf
XMG,xmg
XMH,xmh
XMJ,xmj
XML,xml
XMM,xmm
XMO,xmo
XMP,xmp
XMQ,xmq
XMS,xms
XMT,xmt
XMU,xmu
XMV,xmv
XMW,xmw
XMX,xmx
XMY,xmy
XMZ,xmz
XNB,xnb
XNH,xnh
XNI,xni
XNJ,xnj
XNK,xnk
XNM,xnm
XNN,xnn
XNQ,xnq
XNR,xnr
XNS,xns
XNT,xnt
XNU,xnu
XNY,xny
XNZ,xnz
XOC,xoc
XOD,xod
XOG,xog
XOI,xoi
XOK,xok
XOM,xom
XON,xon
XOO,xoo
XOP,xop
XOR,xor
XOW,xow
XPA,xpa
XPB,xpb
XPD,xpd
XPE,xpe
XPF,xpf
XPH,xph
XPJ,xpj
XPK,xpk
XPL,xpl
XPM,xpm
XPN,xpn
XPO,xpo
XPQ,xpq
XPT,xpt
XPV,xpv
XPW,xpw
XPX,xpx
XPZ,xpz
XRA,xra
XRB,xrb
XRD,xrd
XRE,xre
XRG,xrg
XRI,xri
XRN,xrn
XRT,xrt
XRU,xru
XRW,xrw
XSB,xsb
XSE,xse
XSH,xsh
XSI,xsi
XSJ,xsj
XSL,xsl
XSM,xsm
XSN,xsn
XSO,xso
XSP,xsp
XSQ,xsq
XSR,xsr
XSU,xsu
XSV,xsv
XSY,xsy
XTA,xta
XTB,xtb
XTC,xtc
XTD,xtd
XTE,xte
XTH,xth
XTI,xti
XTJ,xtj
XTL,xtl
XTM,xtm
XTN,xtn
XTP,xtp
XTS,xts
XTT,xtt
XTU,xtu
XTV,xtv
XTW,xtw
XTY,xty
XUA,xua
XUB,xub
XUD,xud
XUG,xug
XUJ,xuj
XUL,xul
XUN,xun
XUO,xuo
XUP,xup
XUT,xut
XUU,xuu
XVI,xvi
XWA,xwa
XWC,xwc
XWD,xwd
XWE,xwe
XWG,xwg
XWJ,xwj
XWK,xwk
XWL,xwl
XWR,xwr
XWT,xwt
XWW,xww
XXB,xxb
XXK,xxk
XXM,xxm
XXR,xxr
XXT,xxt
XYA,xya
XYB,xyb
XYJ,xyj
XYK,xyk
XYL,xyl
XYT,xyt
XYY,xyy
XZM,xzm
YAA,yaa
YAB,yab
YAC,yac
YAD,yad
YAE,yae
YAF,yaf
YAG,yag
YAH,yah
YAI,yai
YAJ,yaj
YAK,yak
YAL,yal
YAM,yam
YAN,yan
YAO,yao
YAP,yap
YAQ,yaq
YAR,yar
YAS,yas
YAT,yat
YAU,yau
YAV,yav
YAW,yaw
YAX,yax
YAY,yay
YAZ,yaz
YBA,yba
YBB,ybb
YBE,ybe
YBH,ybh
YBI,ybi
YBJ,ybj
YBK,ybk
YBL,ybl
YBM,ybm
YBN,ybn
YBO,ybo
YBX,ybx
YBY,yby
YCH,ych
YCL,ycl
YCN,ycn
YCP,ycp
YCR,ycr
YDA,yda
YDD,ydd
YDE,yde
YDG,ydg
YDK,ydk
YEA,yea
YEC,yec
YEE,yee
YEI,yei
YEJ,yej
YER,yer
YES,yes
YET,yet
YEU,yeu
YEV,yev
YEY,yey
YGA,yga
YGI,ygi
YGL,ygl
YGM,ygm
YGP,ygp
YGR,ygr
YGS,ygs
YGU,ygu
YGW,ygw
YHA,yha
YHD,yhd
YHL,yhl
YHS,yhs
YIA,yia
YIF,yif
YIG,yig
YIH,yih
YII,yii
YIJ,yij
YIK,yik
YIL,yil
YIM,yim
YIN,yin
YIP,yip
YIQ,yiq
YIR,yir
YIS,yis
YIT,yit
YIU,yiu
YIV,yiv
YIX,yix
YIZ,yiz
YKA,yka
YKG,ykg
YKH,ykh
YKI,yki
YKK,ykk
YKL,ykl
YKM,ykm
YKN,ykn
YKO,yko
YKR,ykr
YKT,ykt
YKU,yku
YKY,yky
YLA,yla
YLB,ylb
YLE,yle
YLG,ylg
YLI,yli
YLL,yll
YLM,ylm
YLN,yln
YLO,ylo
YLR,ylr
YLU,ylu
YLY,yly
YMB,ymb
YMC,ymc
YMD,ymd
YME,yme
YMG,ymg
YMH,ymh
YMI,ymi
YMK,ymk
YML,yml
YMM,ymm
YMN,ymn
YMO,ymo
YMP,ymp
YMQ,ymq
YMR,ymr
YMX,ymx
YMZ,ymz
YNA,yna
YNB,ynb
YND,ynd
YNE,yne
YNG,yng
YNK,ynk
YNL,ynl
YNN,ynn
YNO,yno
YNQ,ynq
YNS,yns
YNU,ynu
YOB,yob
YOG,yog
YOI,yoi
YOK,yok
YOL,yol
YOM,yom
YON,yon
YOR,yor
YOT,yot
YOX,yox
YOY,yoy
YPA,ypa
YPB,ypb
YPG,ypg
YPH,yph
YPM,ypm
YPN,ypn
YPO,ypo
YPP,ypp
YPZ,ypz
YRA,yra
YRB,yrb
YRE,yre
YRK,yrk
YRL,yrl
YRM,yrm
YRN,yrn
YRO,yro
YRS,yrs
YRW,yrw
YRY,yry
YSC,ysc
YSD,ysd
YSG,ysg
YSL,ysl
YSM,ysm
YSN,ysn
YSO,yso
YSP,ysp
YSR,ysr
YSS,yss
YSY,ysy
YTA,yta
YTL,ytl
YTP,ytp
YTW,ytw
YTY,yty
YUA,yua
YUB,yub
YUC,yuc
YUD,yud
YUE,yue
YUF,yuf
YUG,yug
YUI,yui
YUJ,yuj
YUK,yuk
YUL,yul
YUM,yum
YUN,yun
YUP,yup
YUQ,yuq
YUR,yur
YUT,yut
YUW,yuw
YUX,yux
YUY,yuy
YUZ,yuz
YVA,yva
YVT,yvt
YWA,ywa
YWG,ywg
YWL,ywl
YWN,ywn
YWQ,ywq
YWR,ywr
YWT,ywt
YWU,ywu
YWW,yww
YXA,yxa
YXG,yxg
YXL,yxl
YXM,yxm
YXU,yxu
YXY,yxy
YYR,yyr
YYU,yyu
YYZ,yyz
YZG,yzg
YZK,yzk
ZAA,zaa
ZAB,zab
ZAC,zac
ZAD,zad
ZAE,zae
ZAF,zaf
ZAG,zag
ZAH,zah
ZAI,zai
ZAJ,zaj
ZAK,zak
ZAL,zal
ZAM,zam
ZAO,zao
ZAQ,zaq
ZAR,zar
ZAS,zas
ZAT,zat
ZAU,zau
ZAV,zav
ZAW,zaw
ZAX,zax
ZAY,zay
ZAZ,zaz
ZBC,zbc
ZBE,zbe
ZBT,zbt
ZBU,zbu
ZBW,zbw
ZCA,zca
ZCD,zcd
ZCH,zch
ZDJ,zdj
ZEA,zea
ZEG,zeg
ZEH,zeh
ZEM,zem
ZEN,zen
ZGA,zga
ZGB,zgb
ZGH,zgh
ZGM,zgm
ZGN,zgn
ZGR,zgr
ZHB,zhb
ZHD,zhd
ZHI,zhi
ZHN,zhn
ZHW,zhw
ZIA,zia
ZIB,zib
ZIK,zik
ZIL,zil
ZIM,zim
ZIN,zin
ZIW,ziw
ZIZ,ziz
ZKA,zka
ZKD,zkd
ZKK,zkk
ZKN,zkn
ZKO,zko
ZKP,zkp
ZKR,zkr
ZKU,zku
ZKV,zkv
ZLA,zla
ZLJ,zlj
ZLM,zlm
ZLN,zln
ZLQ,zlq
ZLU,zlu
ZMA,zma
ZMB,zmb
ZMC,zmc
ZMD,zmd
ZME,zme
ZMF,zmf
ZMG,zmg
ZMH,zmh
ZMI,zmi
ZMJ,zmj
ZMK,zmk
ZML,zml
ZMM,zmm
ZMN,zmn
ZMO,zmo
ZMP,zmp
ZMQ,zmq
ZMR,zmr
ZMS,zms
ZMT,zmt
ZMU,zmu
ZMV,zmv
ZMW,zmw
ZMX,zmx
ZMY,zmy
ZMZ,zmz
ZNA,zna
ZNE,zne
ZNG,zng
ZNK,znk
ZNS,zns
ZOC,zoc
ZOH,zoh
ZOM,zom
ZOO,zoo
ZOQ,zoq
ZOR,zor
ZOS,zos
ZPA,zpa
ZPB,zpb
ZPC,zpc
ZPD,zpd
ZPE,zpe
ZPF,zpf
ZPG,zpg
ZPH,zph
ZPI,zpi
ZPJ,zpj
ZPK,zpk
ZPL,zpl
ZPM,zpm
ZPN,zpn
ZPO,zpo
ZPP,zpp
ZPQ,zpq
ZPR,zpr
ZPS,zps
ZPT,zpt
ZPU,zpu
ZPV,zpv
ZPW,zpw
ZPX,zpx
ZPY,zpy
ZPZ,zpz
ZQE,zqe
ZRG,zrg
ZRN,zrn
ZRO,zro
ZRS,zrs
ZSA,zsa
ZSL,zsl
ZSM,zsm
ZSR,zsr
ZSU,zsu
ZTE,zte
ZTG,ztg
ZTL,ztl
ZTM,ztm
ZTN,ztn
ZTP,ztp
ZTQ,ztq
ZTS,zts
ZTT,ztt
ZTU,ztu
ZTX,ztx
ZTY,zty
ZUH,zuh
ZUL,zul
ZUM,zum
ZUN,zun
ZUY,zuy
ZWA,zwa
ZYB,zyb
ZYG,zyg
ZYJ,zyj
ZYN,zyn
ZYP,zyp
ZZJ,zzj
KUR,kur
PAT,pat
EWA,ewa
NOT_AVAILABLE,notAvailable
